mesh_level,omega_rad_s,component,event_type,event_rank,panel_id,generator_region,ring_index,sector_index,scheduler,is_triangle,is_poor,area_m2,sqrt_area_m,aspect_ratio,aspect_limit,minimum_angle_deg,maximum_angle_deg,skewness_deg,warp_deg,center_x_m,center_y_m,center_z_m,v1_x_m,v1_y_m,v1_z_m,v2_x_m,v2_y_m,v2_z_m,v3_x_m,v3_y_m,v3_z_m,v4_x_m,v4_y_m,v4_z_m,body_division_count,fs_radial_counts,bottom_radial_counts,configured_wall_theta_count,legacy_theta_count,final_wall_theta_count,radial_scheduler_candidate,metric_bug,root_cause_status,runtime_provenance
MESH_L1,0.5,body,WORST_ASPECT_RATIO,1,4,BODY_SURFACE,NaN,NaN,not-applicable,0,0,0.739049755021611,0.859680030605347,1.40403606215522,4,83.3675985133726,97.477670907615,7.47767090761501,0.852316080958008,-0.378067846325,-3.13876964175,-3.8238959065,-0.6964066266,-3.501072536,-3.501072536,-0.8158647587,-2.74062096,-4.101629122,0,-2.777851165,-4.157348062,0,-3.535533906,-3.535533906,4,4|2,4|2,64,32,64,NOT_CLASSIFIED,NO,NOT_YET_UNIQUE,PASS_CURRENT_WORKTREE
MESH_L1,0.5,body,WORST_MINIMUM_ANGLE,1,1,BODY_SURFACE,NaN,NaN,not-applicable,0,0,0.742144433882952,0.86147805188696,1.07121479803322,4,66.5620538048336,119.252730504558,29.2527305045578,4.94124446004091,-2.66191681075,-2.66191681075,-3.22857186425,-2.886751346,-2.886751346,-2.886751346,-3.196691349,-2.135960871,-3.196691349,-2.428263677,-2.428263677,-3.634153413,-2.135960871,-3.196691349,-3.196691349,4,4|2,4|2,64,32,64,NOT_CLASSIFIED,NO,NOT_YET_UNIQUE,PASS_CURRENT_WORKTREE
MESH_L1,0.5,body,WORST_ASPECT_RATIO,2,5,BODY_SURFACE,NaN,NaN,not-applicable,0,0,0.739049755021611,0.859680030605347,1.40403606215522,4,83.3675985133726,97.477670907615,7.47767090761501,0.905518563673387,0.378067846325,-3.13876964175,-3.8238959065,0,-3.535533906,-3.535533906,0,-2.777851165,-4.157348062,0.8158647587,-2.74062096,-4.101629122,0.6964066266,-3.501072536,-3.501072536,4,4|2,4|2,64,32,64,NOT_CLASSIFIED,NO,NOT_YET_UNIQUE,PASS_CURRENT_WORKTREE
MESH_L1,0.5,body,WORST_MINIMUM_ANGLE,2,8,BODY_SURFACE,NaN,NaN,not-applicable,0,0,0.742144433882952,0.86147805188696,1.07121479803322,4,66.5620538048336,119.252730504558,29.2527305045578,7.58291583832407,2.66191681075,-2.66191681075,-3.22857186425,2.135960871,-3.196691349,-3.196691349,2.428263677,-2.428263677,-3.634153413,3.196691349,-2.135960871,-3.196691349,2.886751346,-2.886751346,-2.886751346,4,4|2,4|2,64,32,64,NOT_CLASSIFIED,NO,NOT_YET_UNIQUE,PASS_CURRENT_WORKTREE
MESH_L1,0.5,body,WORST_ASPECT_RATIO,3,25,BODY_SURFACE,NaN,NaN,not-applicable,0,0,0.739049755021611,0.859680030605347,1.40403606215522,4,83.3675985133726,97.477670907615,7.47767090761501,0.852316080957153,-3.13876964175,-0.378067846325,-3.8238959065,-3.501072536,-0.6964066266,-3.501072536,-3.535533906,0,-3.535533906,-2.777851165,0,-4.157348062,-2.74062096,-0.8158647587,-4.101629122,4,4|2,4|2,64,32,64,NOT_CLASSIFIED,NO,NOT_YET_UNIQUE,PASS_CURRENT_WORKTREE
MESH_L1,0.5,body,WORST_MINIMUM_ANGLE,3,57,BODY_SURFACE,NaN,NaN,not-applicable,0,0,0.742144433882952,0.86147805188696,1.07121479803322,4,66.5620538048336,119.252730504558,29.2527305045578,7.58291583832407,-2.66191681075,2.66191681075,-3.22857186425,-3.196691349,2.135960871,-3.196691349,-2.886751346,2.886751346,-2.886751346,-2.135960871,3.196691349,-3.196691349,-2.428263677,2.428263677,-3.634153413,4,4|2,4|2,64,32,64,NOT_CLASSIFIED,NO,NOT_YET_UNIQUE,PASS_CURRENT_WORKTREE
MESH_L1,0.5,body,WORST_ASPECT_RATIO,4,32,BODY_SURFACE,NaN,NaN,not-applicable,0,0,0.739049755021611,0.859680030605347,1.40403606215522,4,83.3675985133726,97.477670907615,7.47767090761501,0.905518563673387,3.13876964175,-0.378067846325,-3.8238959065,2.74062096,-0.8158647587,-4.101629122,2.777851165,0,-4.157348062,3.535533906,0,-3.535533906,3.501072536,-0.6964066266,-3.501072536,4,4|2,4|2,64,32,64,NOT_CLASSIFIED,NO,NOT_YET_UNIQUE,PASS_CURRENT_WORKTREE
MESH_L1,0.5,body,WORST_MINIMUM_ANGLE,4,64,BODY_SURFACE,NaN,NaN,not-applicable,0,0,0.742144433882952,0.86147805188696,1.07121479803322,4,66.5620538048336,119.252730504558,29.2527305045578,4.94124446004091,2.66191681075,2.66191681075,-3.22857186425,2.428263677,2.428263677,-3.634153413,2.135960871,3.196691349,-3.196691349,2.886751346,2.886751346,-2.886751346,3.196691349,2.135960871,-3.196691349,4,4|2,4|2,64,32,64,NOT_CLASSIFIED,NO,NOT_YET_UNIQUE,PASS_CURRENT_WORKTREE
MESH_L1,0.5,body,WORST_ASPECT_RATIO,5,33,BODY_SURFACE,NaN,NaN,not-applicable,0,0,0.739049755021611,0.859680030605347,1.40403606215522,4,83.3675985133726,97.477670907615,7.47767090761501,0.905518563673387,-3.13876964175,0.378067846325,-3.8238959065,-3.535533906,0,-3.535533906,-3.501072536,0.6964066266,-3.501072536,-2.74062096,0.8158647587,-4.101629122,-2.777851165,0,-4.157348062,4,4|2,4|2,64,32,64,NOT_CLASSIFIED,NO,NOT_YET_UNIQUE,PASS_CURRENT_WORKTREE
MESH_L1,0.5,body,WORST_MINIMUM_ANGLE,5,65,BODY_SURFACE,NaN,NaN,not-applicable,0,0,0.742144433882952,0.86147805188696,1.07121479803322,4,66.5620538048336,119.252730504558,29.2527305045578,4.94124446004091,3.22857186425,-2.66191681075,-2.66191681075,2.886751346,-2.886751346,-2.886751346,3.196691349,-2.135960871,-3.196691349,3.634153413,-2.428263677,-2.428263677,3.196691349,-3.196691349,-2.135960871,4,4|2,4|2,64,32,64,NOT_CLASSIFIED,NO,NOT_YET_UNIQUE,PASS_CURRENT_WORKTREE
MESH_L1,0.5,free_surface,WORST_ASPECT_RATIO,1,159,FS_BASE_EQUAL_COUNT_POLAR_RING,5,31,generate_free_surface_bmf radial weights + elliptic smoothing,0,1,1269.01480811316,35.6232341051899,25.701280867429,12,50.7331220396632,140.517039838279,50.5170398382791,0,57.3366090077498,-32.1989969520577,0,7.65366864715724,-18.4775906502856,0,100.676736070249,-57.2148287405149,0,109.904626654373,-36.4741761705964,0,11.1114046592199,-16.6293922468341,0,4,4|2,4|2,64,32,64,RADIAL_GRADING_OR_FIXED_RING_COUNT,NO,NOT_YET_UNIQUE,PASS_CURRENT_WORKTREE
MESH_L1,0.5,free_surface,WORST_MINIMUM_ANGLE,1,809,FS_OUTER_TRUNCATION_TRANSITION,NaN,NaN,prepare_horizontal_surface + zipper_annulus,1,1,1434.01319798124,37.8683667192188,1.83907310855899,12,32.8947286222387,87.1874999999999,57.1052713777613,0,-656.644751697681,-153.575242269192,0,-634.364999021176,-126.183043735265,0,-676.002142102318,-134.465186436274,0,-659.56711396955,-200.077496636036,0,-659.56711396955,-200.077496636036,0,4,4|2,4|2,64,32,64,COUNT_TRANSITION_OR_ZIPPER,NO,NOT_YET_UNIQUE,PASS_CURRENT_WORKTREE
MESH_L1,0.5,free_surface,WORST_ASPECT_RATIO,2,160,FS_BASE_EQUAL_COUNT_POLAR_RING,5,32,generate_free_surface_bmf radial weights + elliptic smoothing,0,1,1268.47963177041,35.6157216938027,25.7012808500566,12,50.7329601619452,140.511853354821,50.5118533548208,0,62.5147291349431,-20.3967040433853,0,11.1114046592199,-16.6293922468341,0,109.904626654373,-36.4741761705964,0,114.900749602448,-14.3411121323797,0,14.142135623731,-14.1421356237309,0,4,4|2,4|2,64,32,64,RADIAL_GRADING_OR_FIXED_RING_COUNT,NO,NOT_YET_UNIQUE,PASS_CURRENT_WORKTREE
MESH_L1,0.5,free_surface,WORST_MINIMUM_ANGLE,2,839,FS_OUTER_TRUNCATION_TRANSITION,NaN,NaN,prepare_horizontal_surface + zipper_annulus,1,1,1434.01319798124,37.8683667192188,1.83907310855899,12,32.8947286222387,87.1875,57.1052713777613,0,153.575242269192,-656.644751697681,0,126.183043735265,-634.364999021176,0,134.465186436274,-676.002142102318,0,200.077496636036,-659.56711396955,0,200.077496636036,-659.56711396955,0,4,4|2,4|2,64,32,64,COUNT_TRANSITION_OR_ZIPPER,NO,NOT_YET_UNIQUE,PASS_CURRENT_WORKTREE
MESH_L1,0.5,free_surface,WORST_ASPECT_RATIO,3,158,FS_BASE_EQUAL_COUNT_POLAR_RING,5,30,generate_free_surface_bmf radial weights + elliptic smoothing,0,1,1269.00992617587,35.6231655833093,25.7012157158262,12,50.7332845186632,140.516877958381,50.5168779583807,0,49.9530104683935,-42.7661847691849,0,3.90180644027924,-19.6157056080732,0,87.5798307158885,-75.7566140778658,0,100.676736070249,-57.2148287405149,0,7.65366864715724,-18.4775906502856,0,4,4|2,4|2,64,32,64,RADIAL_GRADING_OR_FIXED_RING_COUNT,NO,NOT_YET_UNIQUE,PASS_CURRENT_WORKTREE
MESH_L1,0.5,free_surface,WORST_MINIMUM_ANGLE,3,869,FS_OUTER_TRUNCATION_TRANSITION,NaN,NaN,prepare_horizontal_surface + zipper_annulus,1,1,1434.01319798124,37.8683667192188,1.83907310855899,12,32.8947286222387,87.1875,57.1052713777613,0,656.644751697681,153.575242269192,0,634.364999021176,126.183043735265,0,676.002142102318,134.465186436274,0,659.56711396955,200.077496636036,0,659.56711396955,200.077496636036,0,4,4|2,4|2,64,32,64,COUNT_TRANSITION_OR_ZIPPER,NO,NOT_YET_UNIQUE,PASS_CURRENT_WORKTREE
MESH_L1,0.5,free_surface,WORST_ASPECT_RATIO,4,157,FS_BASE_EQUAL_COUNT_POLAR_RING,5,29,generate_free_surface_bmf radial weights + elliptic smoothing,0,1,1269.00505657601,35.623097234463,25.7011507435918,12,50.7334475273891,140.516715481113,50.5167154811128,0,40.6497203416918,-51.6898228533089,0,-2.79543312993819e-15,-20,0,71.1172442105995,-91.3869717272965,0,87.5798307158885,-75.7566140778658,0,3.90180644027924,-19.6157056080732,0,4,4|2,4|2,64,32,64,RADIAL_GRADING_OR_FIXED_RING_COUNT,NO,NOT_YET_UNIQUE,PASS_CURRENT_WORKTREE
MESH_L1,0.5,free_surface,WORST_MINIMUM_ANGLE,4,899,FS_OUTER_TRUNCATION_TRANSITION,NaN,NaN,prepare_horizontal_surface + zipper_annulus,1,1,1434.01319798123,37.8683667192187,1.83907310855899,12,32.8947286222388,87.1875,57.1052713777612,0,-153.575242269192,656.644751697681,0,-126.183043735265,634.364999021176,0,-134.465186436274,676.002142102318,0,-200.077496636036,659.56711396955,0,-200.077496636036,659.56711396955,0,4,4|2,4|2,64,32,64,COUNT_TRANSITION_OR_ZIPPER,NO,NOT_YET_UNIQUE,PASS_CURRENT_WORKTREE
MESH_L1,0.5,free_surface,WORST_ASPECT_RATIO,5,156,FS_BASE_EQUAL_COUNT_POLAR_RING,5,28,generate_free_surface_bmf radial weights + elliptic smoothing,0,1,1269.00019926891,35.6230290580252,25.7010859528679,12,50.7336109964921,140.516552472484,50.5165524724844,0,29.7842726652855,-58.626977122208,0,-3.90180644027924,-19.6157056080732,0,51.9216528908217,-103.505231153462,0,71.1172442105995,-91.3869717272965,0,-2.79543312993819e-15,-20,0,4,4|2,4|2,64,32,64,RADIAL_GRADING_OR_FIXED_RING_COUNT,NO,NOT_YET_UNIQUE,PASS_CURRENT_WORKTREE
MESH_L1,0.5,free_surface,WORST_MINIMUM_ANGLE,5,697,FS_OUTER_TRUNCATION_TRANSITION,NaN,NaN,prepare_horizontal_surface + zipper_annulus,1,1,1435.08236291076,37.8824809497842,1.83745881322863,12,32.92112882686,86.9999999999999,57.07887117314,0,-614.931005496986,-145.294981028974,0,-592.727855940033,-117.900901034255,0,-634.364999021176,-126.183043735265,0,-617.70016152975,-191.800998317403,0,-617.70016152975,-191.800998317403,0,4,4|2,4|2,64,32,64,COUNT_TRANSITION_OR_ZIPPER,NO,NOT_YET_UNIQUE,PASS_CURRENT_WORKTREE
MESH_L1,0.5,bottom,WORST_ASPECT_RATIO,1,159,BOTTOM_MIRRORED_FS_POLAR_RING,5,31,bottomReferenceSurface mirrored from FS producer,0,1,1269.01480811316,35.6232341051899,25.701280867429,12,50.7331220396632,140.517039838279,50.5170398382791,0,57.3366090077498,-32.1989969520577,-50,7.65366864715724,-18.4775906502856,-50,100.676736070249,-57.2148287405149,-50,109.904626654373,-36.4741761705964,-50,11.1114046592199,-16.6293922468341,-50,4,4|2,4|2,64,32,64,RADIAL_GRADING_OR_FIXED_RING_COUNT,NO,NOT_YET_UNIQUE,PASS_CURRENT_WORKTREE
MESH_L1,0.5,bottom,WORST_MINIMUM_ANGLE,1,401,BOTTOM_OUTER_TRUNCATION_TRANSITION,NaN,NaN,prepare_horizontal_surface + zipper_annulus,1,1,704.77248547406,26.547551402607,3.04377764650423,12,19.1043063146102,85.0000000000003,70.8956936853898,0,91.7718405662412,-351.152853561186,-50,68.2080448281967,-342.904997453179,-50,72.4710476299591,-364.336559794003,-50,134.636429240568,-346.217003436374,-50,134.636429240568,-346.217003436374,-50,4,4|2,4|2,64,32,64,COUNT_TRANSITION_OR_ZIPPER,NO,NOT_YET_UNIQUE,PASS_CURRENT_WORKTREE
MESH_L1,0.5,bottom,WORST_ASPECT_RATIO,2,160,BOTTOM_MIRRORED_FS_POLAR_RING,5,32,bottomReferenceSurface mirrored from FS producer,0,1,1268.47963177041,35.6157216938027,25.7012808500566,12,50.7329601619452,140.511853354821,50.5118533548208,0,62.5147291349431,-20.3967040433853,-50,11.1114046592199,-16.6293922468341,-50,109.904626654373,-36.4741761705964,-50,114.900749602448,-14.3411121323797,-50,14.142135623731,-14.1421356237309,-50,4,4|2,4|2,64,32,64,RADIAL_GRADING_OR_FIXED_RING_COUNT,NO,NOT_YET_UNIQUE,PASS_CURRENT_WORKTREE
MESH_L1,0.5,bottom,WORST_MINIMUM_ANGLE,2,417,BOTTOM_OUTER_TRUNCATION_TRANSITION,NaN,NaN,prepare_horizontal_surface + zipper_annulus,1,1,704.772485474058,26.547551402607,3.04377764650423,12,19.1043063146102,85.0000000000001,70.8956936853898,0,351.152853561186,91.7718405662412,-50,342.904997453179,68.2080448281968,-50,364.336559794003,72.4710476299591,-50,346.217003436375,134.636429240568,-50,346.217003436375,134.636429240568,-50,4,4|2,4|2,64,32,64,COUNT_TRANSITION_OR_ZIPPER,NO,NOT_YET_UNIQUE,PASS_CURRENT_WORKTREE
MESH_L1,0.5,bottom,WORST_ASPECT_RATIO,3,158,BOTTOM_MIRRORED_FS_POLAR_RING,5,30,bottomReferenceSurface mirrored from FS producer,0,1,1269.00992617587,35.6231655833093,25.7012157158262,12,50.7332845186632,140.516877958381,50.5168779583807,0,49.9530104683935,-42.7661847691849,-50,3.90180644027924,-19.6157056080732,-50,87.5798307158885,-75.7566140778658,-50,100.676736070249,-57.2148287405149,-50,7.65366864715724,-18.4775906502856,-50,4,4|2,4|2,64,32,64,RADIAL_GRADING_OR_FIXED_RING_COUNT,NO,NOT_YET_UNIQUE,PASS_CURRENT_WORKTREE
MESH_L1,0.5,bottom,WORST_MINIMUM_ANGLE,3,433,BOTTOM_OUTER_TRUNCATION_TRANSITION,NaN,NaN,prepare_horizontal_surface + zipper_annulus,1,1,704.772485474058,26.547551402607,3.04377764650423,12,19.1043063146102,85.0000000000001,70.8956936853898,0,-91.7718405662412,351.152853561186,-50,-68.2080448281967,342.904997453179,-50,-72.471047629959,364.336559794003,-50,-134.636429240568,346.217003436375,-50,-134.636429240568,346.217003436375,-50,4,4|2,4|2,64,32,64,COUNT_TRANSITION_OR_ZIPPER,NO,NOT_YET_UNIQUE,PASS_CURRENT_WORKTREE
MESH_L1,0.5,bottom,WORST_ASPECT_RATIO,4,157,BOTTOM_MIRRORED_FS_POLAR_RING,5,29,bottomReferenceSurface mirrored from FS producer,0,1,1269.00505657601,35.623097234463,25.7011507435918,12,50.7334475273891,140.516715481113,50.5167154811128,0,40.6497203416918,-51.6898228533089,-50,-2.79543312993819e-15,-20,-50,71.1172442105995,-91.3869717272965,-50,87.5798307158885,-75.7566140778658,-50,3.90180644027924,-19.6157056080732,-50,4,4|2,4|2,64,32,64,RADIAL_GRADING_OR_FIXED_RING_COUNT,NO,NOT_YET_UNIQUE,PASS_CURRENT_WORKTREE
MESH_L1,0.5,bottom,WORST_MINIMUM_ANGLE,4,385,BOTTOM_OUTER_TRUNCATION_TRANSITION,NaN,NaN,prepare_horizontal_surface + zipper_annulus,1,1,704.77248547406,26.547551402607,3.04377764650423,12,19.1043063146103,85.0000000000002,70.8956936853897,0,-351.152853561186,-91.7718405662412,-50,-342.904997453179,-68.2080448281967,-50,-364.336559794003,-72.4710476299591,-50,-346.217003436374,-134.636429240568,-50,-346.217003436374,-134.636429240568,-50,4,4|2,4|2,64,32,64,COUNT_TRANSITION_OR_ZIPPER,NO,NOT_YET_UNIQUE,PASS_CURRENT_WORKTREE
MESH_L1,0.5,bottom,WORST_ASPECT_RATIO,5,156,BOTTOM_MIRRORED_FS_POLAR_RING,5,28,bottomReferenceSurface mirrored from FS producer,0,1,1269.00019926891,35.6230290580252,25.7010859528679,12,50.7336109964921,140.516552472484,50.5165524724844,0,29.7842726652855,-58.626977122208,-50,-3.90180644027924,-19.6157056080732,-50,51.9216528908217,-103.505231153462,-50,71.1172442105995,-91.3869717272965,-50,-2.79543312993819e-15,-20,-50,4,4|2,4|2,64,32,64,RADIAL_GRADING_OR_FIXED_RING_COUNT,NO,NOT_YET_UNIQUE,PASS_CURRENT_WORKTREE
MESH_L1,0.5,bottom,WORST_MINIMUM_ANGLE,5,402,BOTTOM_OUTER_TRUNCATION_TRANSITION,NaN,NaN,prepare_horizontal_surface + zipper_annulus,1,1,769.426731216216,27.7385423412301,2.95132545585456,12,19.729306314454,85.0689835235965,70.270693685546,0,112.213122271221,-337.377148513149,-50,68.2080448281967,-342.904997453179,-50,134.636429240568,-346.217003436374,-50,133.794892744898,-323.009444649892,-50,133.794892744898,-323.009444649892,-50,4,4|2,4|2,64,32,64,COUNT_TRANSITION_OR_ZIPPER,NO,NOT_YET_UNIQUE,PASS_CURRENT_WORKTREE
MESH_L1,0.5,farfield,WORST_ASPECT_RATIO,1,45,FARFIELD_STRUCTURED_WALL,NaN,NaN,build_frustum_wall equal-count rings,0,0,1149.74841990084,33.90794036654,3.92729408680788,12,87.3087191283676,92.6912808716325,2.69128087163249,0,99.8038580567127,672.822958946215,-2.5,134.46518644208,676.002142101163,0,67.5579029908741,685.9269000657,0,65.9424682713526,669.525116109061,-5,131.249874522544,659.837677508936,-5,4,4|2,4|2,64,32,64,FIVE_BLOCK_CORE_MAPPING_OR_ROUNDING,NO,NOT_YET_UNIQUE,PASS_CURRENT_WORKTREE
MESH_L1,0.5,farfield,WORST_MINIMUM_ANGLE,1,261,FARFIELD_STRUCTURED_WALL,NaN,NaN,build_frustum_wall equal-count rings,0,0,1038.44724531012,32.2249475610143,3.55165855398452,12,87.3087191283674,92.6912808716326,2.69128087163263,0,-493.442323842584,-365.961769028311,-22.5,-518.27265838568,-346.298718947739,-20,-481.833823746178,-395.430799848901,-20,-469.093726242145,-384.975272034343,-25,-504.569086996332,-337.14228528226,-25,4,4|2,4|2,64,32,64,FIVE_BLOCK_CORE_MAPPING_OR_ROUNDING,NO,NOT_YET_UNIQUE,PASS_CURRENT_WORKTREE
MESH_L1,0.5,farfield,WORST_ASPECT_RATIO,2,61,FARFIELD_STRUCTURED_WALL,NaN,NaN,build_frustum_wall equal-count rings,0,0,1149.74841990083,33.90794036654,3.92729408680788,12,87.3087191283675,92.6912808716325,2.69128087163249,0,-672.822958946215,99.8038580567127,-2.5,-676.002142101163,134.46518644208,0,-685.9269000657,67.5579029908741,0,-669.525116109061,65.9424682713527,-5,-659.837677508936,131.249874522544,-5,4,4|2,4|2,64,32,64,FIVE_BLOCK_CORE_MAPPING_OR_ROUNDING,NO,NOT_YET_UNIQUE,PASS_CURRENT_WORKTREE
MESH_L1,0.5,farfield,WORST_MINIMUM_ANGLE,2,293,FARFIELD_STRUCTURED_WALL,NaN,NaN,build_frustum_wall equal-count rings,0,0,1038.44724531012,32.2249475610142,3.55165855398453,12,87.3087191283674,92.6912808716325,2.69128087163263,0,493.442323842584,365.961769028311,-22.5,518.27265838568,346.298718947739,-20,481.833823746179,395.430799848901,-20,469.093726242145,384.975272034343,-25,504.569086996332,337.14228528226,-25,4,4|2,4|2,64,32,64,FIVE_BLOCK_CORE_MAPPING_OR_ROUNDING,NO,NOT_YET_UNIQUE,PASS_CURRENT_WORKTREE
MESH_L1,0.5,farfield,WORST_ASPECT_RATIO,3,42,FARFIELD_STRUCTURED_WALL,NaN,NaN,build_frustum_wall equal-count rings,0,0,1149.74841990083,33.90794036654,3.92729408680788,12,87.3087191283677,92.6912808716323,2.69128087163232,0,290.816532923255,614.879897497586,-2.5,324.90822430134,607.860533569679,0,263.762951175176,636.78009397093,0,257.455889970074,621.553501271039,-5,317.139066246429,593.325461178697,-5,4,4|2,4|2,64,32,64,FIVE_BLOCK_CORE_MAPPING_OR_ROUNDING,NO,NOT_YET_UNIQUE,PASS_CURRENT_WORKTREE
MESH_L1,0.5,farfield,WORST_MINIMUM_ANGLE,3,101,FARFIELD_STRUCTURED_WALL,NaN,NaN,build_frustum_wall equal-count rings,0,0,1121.92312625315,33.4951209320574,3.83338520360202,12,87.3087191283674,92.6912808716325,2.69128087163261,0,533.107827182657,395.379711248367,-7.5,559.383372553725,373.768019944177,-5,520.05411625828,426.797383292575,-5,507.314018754246,416.341855478017,-10,545.679801164376,364.611586278698,-10,4,4|2,4|2,64,32,64,FIVE_BLOCK_CORE_MAPPING_OR_ROUNDING,NO,NOT_YET_UNIQUE,PASS_CURRENT_WORKTREE
MESH_L1,0.5,farfield,WORST_ASPECT_RATIO,4,58,FARFIELD_STRUCTURED_WALL,NaN,NaN,build_frustum_wall equal-count rings,0,0,1149.74841990083,33.90794036654,3.92729408680788,12,87.3087191283677,92.6912808716323,2.69128087163232,0,-614.879897497586,290.816532923255,-2.5,-607.860533569679,324.90822430134,0,-636.78009397093,263.762951175177,0,-621.553501271039,257.455889970074,-5,-593.325461178697,317.139066246429,-5,4,4|2,4|2,64,32,64,FIVE_BLOCK_CORE_MAPPING_OR_ROUNDING,NO,NOT_YET_UNIQUE,PASS_CURRENT_WORKTREE
MESH_L1,0.5,farfield,WORST_MINIMUM_ANGLE,4,338,FARFIELD_STRUCTURED_WALL,NaN,NaN,build_frustum_wall equal-count rings,0,0,1010.62195166244,31.7902807735704,3.45774967077869,12,87.3087191283674,92.6912808716325,2.6912808716326,0,201.419189842301,-562.928924403567,-27.5,176.156377096221,-580.709750982357,-25,232.227645144849,-560.647130473469,-25,225.920583939877,-545.420537773524,-30,171.372153188257,-564.938278384918,-30,4,4|2,4|2,64,32,64,FIVE_BLOCK_CORE_MAPPING_OR_ROUNDING,NO,NOT_YET_UNIQUE,PASS_CURRENT_WORKTREE
MESH_L1,0.5,farfield,WORST_ASPECT_RATIO,5,63,FARFIELD_STRUCTURED_WALL,NaN,NaN,build_frustum_wall equal-count rings,0,0,1149.74841990083,33.90794036654,3.92729408680787,12,87.3087191283676,92.6912808716325,2.69128087163246,0,-679.365621258531,-33.3750928111843,-2.5,-689.245807016818,2.95994208004873e-09,0,-685.92690006628,-67.5579029849834,0,-669.525116109627,-65.9424682656028,-5,-672.764661841397,2.88916437689046e-09,-5,4,4|2,4|2,64,32,64,FIVE_BLOCK_CORE_MAPPING_OR_ROUNDING,NO,NOT_YET_UNIQUE,PASS_CURRENT_WORKTREE
MESH_L1,0.5,farfield,WORST_MINIMUM_ANGLE,5,264,FARFIELD_STRUCTURED_WALL,NaN,NaN,build_frustum_wall equal-count rings,0,0,1038.44724531012,32.2249475610143,3.55165855398453,12,87.3087191283674,92.6912808716326,2.6912808716326,0,-365.961769032548,-493.442323839441,-22.5,-395.430799853039,-481.833823742782,-20,-346.29871895219,-518.272658382706,-20,-337.142285286593,-504.569086993437,-25,-384.975272038372,-469.093726238839,-25,4,4|2,4|2,64,32,64,FIVE_BLOCK_CORE_MAPPING_OR_ROUNDING,NO,NOT_YET_UNIQUE,PASS_CURRENT_WORKTREE
MESH_L2,0.5,body,WORST_ASPECT_RATIO,1,5,BODY_SURFACE,NaN,NaN,not-applicable,0,0,0.466784818516517,0.683216523890133,1.40768945026193,4,84.4642039028947,96.069834694934,6.06983469493402,0.559990931951395,-0.297994317625,-3.225780079,-3.77661679375,-0.556494431,-3.513567557,-3.513567557,-0.6354828395,-2.915092592,-4.01228074,0,-2.938926261,-4.045084972,0,-3.535533906,-3.535533906,5,5|3,5|3,80,40,80,NOT_CLASSIFIED,NO,NOT_YET_UNIQUE,PASS_CURRENT_WORKTREE
MESH_L2,0.5,body,WORST_MINIMUM_ANGLE,1,1,BODY_SURFACE,NaN,NaN,not-applicable,0,0,0.474928140719699,0.689150303431478,1.05616081063259,4,65.2486095720126,119.509489350002,29.5094893500022,4.13971350443699,-2.7125107555,-2.7125107555,-3.1659089635,-2.886751346,-2.886751346,-2.886751346,-3.144800848,-2.284831558,-3.144800848,-2.53365927,-2.53365927,-3.487282812,-2.284831558,-3.144800848,-3.144800848,5,5|3,5|3,80,40,80,NOT_CLASSIFIED,NO,NOT_YET_UNIQUE,PASS_CURRENT_WORKTREE
MESH_L2,0.5,body,WORST_ASPECT_RATIO,2,6,BODY_SURFACE,NaN,NaN,not-applicable,0,0,0.466784818516517,0.683216523890133,1.40768945026193,4,84.4642039028947,96.069834694934,6.06983469493402,0.588294830796449,0.297994317625,-3.225780079,-3.77661679375,0,-3.535533906,-3.535533906,0,-2.938926261,-4.045084972,0.6354828395,-2.915092592,-4.01228074,0.556494431,-3.513567557,-3.513567557,5,5|3,5|3,80,40,80,NOT_CLASSIFIED,NO,NOT_YET_UNIQUE,PASS_CURRENT_WORKTREE
MESH_L2,0.5,body,WORST_MINIMUM_ANGLE,2,10,BODY_SURFACE,NaN,NaN,not-applicable,0,0,0.474928140719699,0.689150303431478,1.05616081063259,4,65.2486095720126,119.509489350002,29.5094893500022,6.49915624280425,2.7125107555,-2.7125107555,-3.1659089635,2.284831558,-3.144800848,-3.144800848,2.53365927,-2.53365927,-3.487282812,3.144800848,-2.284831558,-3.144800848,2.886751346,-2.886751346,-2.886751346,5,5|3,5|3,80,40,80,NOT_CLASSIFIED,NO,NOT_YET_UNIQUE,PASS_CURRENT_WORKTREE
MESH_L2,0.5,body,WORST_ASPECT_RATIO,3,41,BODY_SURFACE,NaN,NaN,not-applicable,0,0,0.466784818516517,0.683216523890133,1.40768945026193,4,84.4642039028947,96.069834694934,6.06983469493402,0.559990931951395,-3.225780079,-0.297994317625,-3.77661679375,-3.513567557,-0.556494431,-3.513567557,-3.535533906,0,-3.535533906,-2.938926261,0,-4.045084972,-2.915092592,-0.6354828395,-4.01228074,5,5|3,5|3,80,40,80,NOT_CLASSIFIED,NO,NOT_YET_UNIQUE,PASS_CURRENT_WORKTREE
MESH_L2,0.5,body,WORST_MINIMUM_ANGLE,3,91,BODY_SURFACE,NaN,NaN,not-applicable,0,0,0.474928140719699,0.689150303431478,1.05616081063259,4,65.2486095720126,119.509489350002,29.5094893500022,6.49915624280425,-2.7125107555,2.7125107555,-3.1659089635,-3.144800848,2.284831558,-3.144800848,-2.886751346,2.886751346,-2.886751346,-2.284831558,3.144800848,-3.144800848,-2.53365927,2.53365927,-3.487282812,5,5|3,5|3,80,40,80,NOT_CLASSIFIED,NO,NOT_YET_UNIQUE,PASS_CURRENT_WORKTREE
MESH_L2,0.5,body,WORST_ASPECT_RATIO,4,50,BODY_SURFACE,NaN,NaN,not-applicable,0,0,0.466784818516517,0.683216523890133,1.40768945026193,4,84.4642039028947,96.069834694934,6.06983469493402,0.588294830796449,3.225780079,-0.297994317625,-3.77661679375,2.915092592,-0.6354828395,-4.01228074,2.938926261,0,-4.045084972,3.535533906,0,-3.535533906,3.513567557,-0.556494431,-3.513567557,5,5|3,5|3,80,40,80,NOT_CLASSIFIED,NO,NOT_YET_UNIQUE,PASS_CURRENT_WORKTREE
MESH_L2,0.5,body,WORST_MINIMUM_ANGLE,4,100,BODY_SURFACE,NaN,NaN,not-applicable,0,0,0.474928140719699,0.689150303431478,1.05616081063259,4,65.2486095720126,119.509489350002,29.5094893500022,4.13971350443699,2.7125107555,2.7125107555,-3.1659089635,2.53365927,2.53365927,-3.487282812,2.284831558,3.144800848,-3.144800848,2.886751346,2.886751346,-2.886751346,3.144800848,2.284831558,-3.144800848,5,5|3,5|3,80,40,80,NOT_CLASSIFIED,NO,NOT_YET_UNIQUE,PASS_CURRENT_WORKTREE
MESH_L2,0.5,body,WORST_ASPECT_RATIO,5,51,BODY_SURFACE,NaN,NaN,not-applicable,0,0,0.466784818516517,0.683216523890133,1.40768945026193,4,84.4642039028947,96.069834694934,6.06983469493402,0.588294830796449,-3.225780079,0.297994317625,-3.77661679375,-3.535533906,0,-3.535533906,-3.513567557,0.556494431,-3.513567557,-2.915092592,0.6354828395,-4.01228074,-2.938926261,0,-4.045084972,5,5|3,5|3,80,40,80,NOT_CLASSIFIED,NO,NOT_YET_UNIQUE,PASS_CURRENT_WORKTREE
MESH_L2,0.5,body,WORST_MINIMUM_ANGLE,5,201,BODY_SURFACE,NaN,NaN,not-applicable,0,0,0.474928140719699,0.689150303431478,1.05616081063259,4,65.2486095720126,119.509489350002,29.5094893500022,4.13971350443699,-2.7125107555,3.1659089635,-2.7125107555,-2.886751346,2.886751346,-2.886751346,-3.144800848,3.144800848,-2.284831558,-2.53365927,3.487282812,-2.53365927,-2.284831558,3.144800848,-3.144800848,5,5|3,5|3,80,40,80,NOT_CLASSIFIED,NO,NOT_YET_UNIQUE,PASS_CURRENT_WORKTREE
MESH_L2,0.5,free_surface,WORST_ASPECT_RATIO,1,320,FS_BASE_EQUAL_COUNT_POLAR_RING,8,40,generate_free_surface_bmf radial weights + elliptic smoothing,0,1,9444.92454261755,97.1850016340873,122.201862485027,12,35.7010025990585,153.38356423212,63.3835642321202,0,123.301337507795,-132.402375256162,0,20.4014133258214,-1.13876099346076,0,205.503186520402,-282.850870579553,0,247.220725928926,-247.220725928926,0,20.080024256031,1.60085647729109,0,5,5|3,5|3,80,40,80,RADIAL_GRADING_OR_FIXED_RING_COUNT,NO,NOT_YET_UNIQUE,PASS_CURRENT_WORKTREE
MESH_L2,0.5,free_surface,WORST_MINIMUM_ANGLE,1,280,FS_BASE_EQUAL_COUNT_POLAR_RING,7,40,generate_free_surface_bmf radial weights + elliptic smoothing,0,1,2.69315700154399,1.64108409337974,3.45000063218595,4.5,4.77834538665509,165.890024473766,85.2216546133449,180,18.9800441327727,-4.259911227799,0,17.1048092670226,-10.0660290647965,0,20.4014133258214,-1.13876099346076,0,20.080024256031,1.60085647729109,0,18.3339296822159,-7.43571133022979,0,5,5|3,5|3,80,40,80,RADIAL_GRADING_OR_FIXED_RING_COUNT,NO,NOT_YET_UNIQUE,PASS_CURRENT_WORKTREE
MESH_L2,0.5,free_surface,WORST_ASPECT_RATIO,2,281,FS_BASE_EQUAL_COUNT_POLAR_RING,8,1,generate_free_surface_bmf radial weights + elliptic smoothing,0,1,9531.32391842816,97.6284995194956,106.211704593522,12,42.452750854791,146.545131660614,56.5451316606136,0,142.434717851402,-111.597164740155,0,20.080024256031,1.60085647729109,0,247.220725928926,-247.220725928926,0,282.850870579553,-205.503186520403,0,19.587250641099,4.73439701141698,0,5,5|3,5|3,80,40,80,RADIAL_GRADING_OR_FIXED_RING_COUNT,NO,NOT_YET_UNIQUE,PASS_CURRENT_WORKTREE
MESH_L2,0.5,free_surface,WORST_MINIMUM_ANGLE,2,207,FS_BASE_EQUAL_COUNT_POLAR_RING,6,7,generate_free_surface_bmf radial weights + elliptic smoothing,0,1,0.664695582529399,0.815288649822502,2.51343375846466,4.5,5.27174579225133,165.727419093412,84.7282542077487,180,17.6590281695267,8.14322668619998,0,19.7537668119001,3.12868930082132,0,16.8469042954609,10.376599579167,0,15.0143112451634,12.8872779763261,0,19.0211303255825,6.18033988848552,0,5,5|3,5|3,80,40,80,RADIAL_GRADING_OR_FIXED_RING_COUNT,NO,NOT_YET_UNIQUE,PASS_CURRENT_WORKTREE
MESH_L2,0.5,free_surface,WORST_ASPECT_RATIO,3,282,FS_BASE_EQUAL_COUNT_POLAR_RING,8,2,generate_free_surface_bmf radial weights + elliptic smoothing,0,1,9531.21321384984,97.6279325492957,106.186433299004,12,42.4145614587591,146.583409304442,56.5834093044416,0,158.14065285656,-87.9354652301825,0,19.587250641099,4.73439701141698,0,282.850870579553,-205.503186520403,0,311.516288024481,-158.725476698287,0,18.6082021811059,7.75240528654268,0,5,5|3,5|3,80,40,80,RADIAL_GRADING_OR_FIXED_RING_COUNT,NO,NOT_YET_UNIQUE,PASS_CURRENT_WORKTREE
MESH_L2,0.5,free_surface,WORST_MINIMUM_ANGLE,3,208,FS_BASE_EQUAL_COUNT_POLAR_RING,6,8,generate_free_surface_bmf radial weights + elliptic smoothing,0,1,0.663933838058085,0.81482135346227,2.51415183699959,4.5,5.2756336166728,165.726258707923,84.7243663833272,180,16.1666044801502,10.8070787676139,0,19.0211303255825,6.18033988848552,0,15.0143112451634,12.8872779763261,0,12.810845866506,15.0808872100317,0,17.8201304833489,9.07980999561225,0,5,5|3,5|3,80,40,80,RADIAL_GRADING_OR_FIXED_RING_COUNT,NO,NOT_YET_UNIQUE,PASS_CURRENT_WORKTREE
MESH_L2,0.5,free_surface,WORST_ASPECT_RATIO,4,283,FS_BASE_EQUAL_COUNT_POLAR_RING,8,3,generate_free_surface_bmf radial weights + elliptic smoothing,0,1,9531.15068207695,97.6276122932286,106.152391409822,12,42.3790190021021,146.618992441179,56.6189924411786,0,169.950645969328,-62.1080738521036,0,18.6082021811059,7.75240528654268,0,311.516288024481,-158.725476698287,0,332.511140622147,-108.039418823915,0,17.1669530495769,10.5801948272448,0,5,5|3,5|3,80,40,80,RADIAL_GRADING_OR_FIXED_RING_COUNT,NO,NOT_YET_UNIQUE,PASS_CURRENT_WORKTREE
MESH_L2,0.5,free_surface,WORST_MINIMUM_ANGLE,4,206,FS_BASE_EQUAL_COUNT_POLAR_RING,6,6,generate_free_surface_bmf radial weights + elliptic smoothing,0,1,0.66329639358757,0.81443010356173,2.51343244898541,4.5,5.27692182261023,165.719052525085,84.7230781773898,180,18.716103637726,5.27920133579556,0,20,0,0,18.263743443543,7.61151646319386,0,16.8469042954609,10.376599579167,0,19.7537668119001,3.12868930082132,0,5,5|3,5|3,80,40,80,RADIAL_GRADING_OR_FIXED_RING_COUNT,NO,NOT_YET_UNIQUE,PASS_CURRENT_WORKTREE
MESH_L2,0.5,free_surface,WORST_ASPECT_RATIO,5,284,FS_BASE_EQUAL_COUNT_POLAR_RING,8,4,generate_free_surface_bmf radial weights + elliptic smoothing,0,1,9531.11668749635,97.6274381897648,106.114618583155,12,42.34516765407,146.652856328472,56.6528563284716,0,177.573882193013,-34.7511705362445,0,17.1669530495769,10.5801948272448,0,332.511140622147,-108.039418823915,0,345.318465400197,-54.6930718766412,0,15.2989697001334,13.1476137283333,0,5,5|3,5|3,80,40,80,RADIAL_GRADING_OR_FIXED_RING_COUNT,NO,NOT_YET_UNIQUE,PASS_CURRENT_WORKTREE
MESH_L2,0.5,free_surface,WORST_MINIMUM_ANGLE,5,209,FS_BASE_EQUAL_COUNT_POLAR_RING,6,9,generate_free_surface_bmf radial weights + elliptic smoothing,0,1,0.661444817253932,0.813292577891826,2.51523921549299,4.5,5.28601299722115,165.717927010987,84.7139870027789,180,14.2755015079889,13.204810466009,0,17.8201304833489,9.07980999561225,0,12.810845866506,15.0808872100317,0,10.2906897935432,16.9028396139995,0,16.1803398885575,11.7557050443925,0,5,5|3,5|3,80,40,80,RADIAL_GRADING_OR_FIXED_RING_COUNT,NO,NOT_YET_UNIQUE,PASS_CURRENT_WORKTREE
MESH_L2,0.5,bottom,WORST_ASPECT_RATIO,1,320,BOTTOM_MIRRORED_FS_POLAR_RING,8,40,bottomReferenceSurface mirrored from FS producer,0,1,9444.92454261755,97.1850016340873,122.201862485027,12,35.7010025990585,153.38356423212,63.3835642321202,0,123.301337507795,-132.402375256162,-50,20.4014133258214,-1.13876099346076,-50,205.503186520402,-282.850870579553,-50,247.220725928926,-247.220725928926,-50,20.080024256031,1.60085647729109,-50,5,5|3,5|3,80,40,80,RADIAL_GRADING_OR_FIXED_RING_COUNT,NO,NOT_YET_UNIQUE,PASS_CURRENT_WORKTREE
MESH_L2,0.5,bottom,WORST_MINIMUM_ANGLE,1,280,BOTTOM_MIRRORED_FS_POLAR_RING,7,40,bottomReferenceSurface mirrored from FS producer,0,1,2.69315700154399,1.64108409337974,3.45000063218595,4.5,4.77834538665509,165.890024473766,85.2216546133449,180,18.9800441327727,-4.259911227799,-50,17.1048092670226,-10.0660290647965,-50,20.4014133258214,-1.13876099346076,-50,20.080024256031,1.60085647729109,-50,18.3339296822159,-7.43571133022979,-50,5,5|3,5|3,80,40,80,RADIAL_GRADING_OR_FIXED_RING_COUNT,NO,NOT_YET_UNIQUE,PASS_CURRENT_WORKTREE
MESH_L2,0.5,bottom,WORST_ASPECT_RATIO,2,281,BOTTOM_MIRRORED_FS_POLAR_RING,8,1,bottomReferenceSurface mirrored from FS producer,0,1,9531.32391842816,97.6284995194956,106.211704593522,12,42.452750854791,146.545131660614,56.5451316606136,0,142.434717851402,-111.597164740155,-50,20.080024256031,1.60085647729109,-50,247.220725928926,-247.220725928926,-50,282.850870579553,-205.503186520403,-50,19.587250641099,4.73439701141698,-50,5,5|3,5|3,80,40,80,RADIAL_GRADING_OR_FIXED_RING_COUNT,NO,NOT_YET_UNIQUE,PASS_CURRENT_WORKTREE
MESH_L2,0.5,bottom,WORST_MINIMUM_ANGLE,2,207,BOTTOM_MIRRORED_FS_POLAR_RING,6,7,bottomReferenceSurface mirrored from FS producer,0,1,0.664695582529399,0.815288649822502,2.51343375846466,4.5,5.27174579225133,165.727419093412,84.7282542077487,180,17.6590281695267,8.14322668619998,-50,19.7537668119001,3.12868930082132,-50,16.8469042954609,10.376599579167,-50,15.0143112451634,12.8872779763261,-50,19.0211303255825,6.18033988848552,-50,5,5|3,5|3,80,40,80,RADIAL_GRADING_OR_FIXED_RING_COUNT,NO,NOT_YET_UNIQUE,PASS_CURRENT_WORKTREE
MESH_L2,0.5,bottom,WORST_ASPECT_RATIO,3,282,BOTTOM_MIRRORED_FS_POLAR_RING,8,2,bottomReferenceSurface mirrored from FS producer,0,1,9531.21321384984,97.6279325492957,106.186433299004,12,42.4145614587591,146.583409304442,56.5834093044416,0,158.14065285656,-87.9354652301825,-50,19.587250641099,4.73439701141698,-50,282.850870579553,-205.503186520403,-50,311.516288024481,-158.725476698287,-50,18.6082021811059,7.75240528654268,-50,5,5|3,5|3,80,40,80,RADIAL_GRADING_OR_FIXED_RING_COUNT,NO,NOT_YET_UNIQUE,PASS_CURRENT_WORKTREE
MESH_L2,0.5,bottom,WORST_MINIMUM_ANGLE,3,208,BOTTOM_MIRRORED_FS_POLAR_RING,6,8,bottomReferenceSurface mirrored from FS producer,0,1,0.663933838058085,0.81482135346227,2.51415183699959,4.5,5.2756336166728,165.726258707923,84.7243663833272,180,16.1666044801502,10.8070787676139,-50,19.0211303255825,6.18033988848552,-50,15.0143112451634,12.8872779763261,-50,12.810845866506,15.0808872100317,-50,17.8201304833489,9.07980999561225,-50,5,5|3,5|3,80,40,80,RADIAL_GRADING_OR_FIXED_RING_COUNT,NO,NOT_YET_UNIQUE,PASS_CURRENT_WORKTREE
MESH_L2,0.5,bottom,WORST_ASPECT_RATIO,4,283,BOTTOM_MIRRORED_FS_POLAR_RING,8,3,bottomReferenceSurface mirrored from FS producer,0,1,9531.15068207695,97.6276122932286,106.152391409822,12,42.3790190021021,146.618992441179,56.6189924411786,0,169.950645969328,-62.1080738521036,-50,18.6082021811059,7.75240528654268,-50,311.516288024481,-158.725476698287,-50,332.511140622147,-108.039418823915,-50,17.1669530495769,10.5801948272448,-50,5,5|3,5|3,80,40,80,RADIAL_GRADING_OR_FIXED_RING_COUNT,NO,NOT_YET_UNIQUE,PASS_CURRENT_WORKTREE
MESH_L2,0.5,bottom,WORST_MINIMUM_ANGLE,4,206,BOTTOM_MIRRORED_FS_POLAR_RING,6,6,bottomReferenceSurface mirrored from FS producer,0,1,0.66329639358757,0.81443010356173,2.51343244898541,4.5,5.27692182261023,165.719052525085,84.7230781773898,180,18.716103637726,5.27920133579556,-50,20,0,-50,18.263743443543,7.61151646319386,-50,16.8469042954609,10.376599579167,-50,19.7537668119001,3.12868930082132,-50,5,5|3,5|3,80,40,80,RADIAL_GRADING_OR_FIXED_RING_COUNT,NO,NOT_YET_UNIQUE,PASS_CURRENT_WORKTREE
MESH_L2,0.5,bottom,WORST_ASPECT_RATIO,5,284,BOTTOM_MIRRORED_FS_POLAR_RING,8,4,bottomReferenceSurface mirrored from FS producer,0,1,9531.11668749635,97.6274381897648,106.114618583155,12,42.34516765407,146.652856328472,56.6528563284716,0,177.573882193013,-34.7511705362445,-50,17.1669530495769,10.5801948272448,-50,332.511140622147,-108.039418823915,-50,345.318465400197,-54.6930718766412,-50,15.2989697001334,13.1476137283333,-50,5,5|3,5|3,80,40,80,RADIAL_GRADING_OR_FIXED_RING_COUNT,NO,NOT_YET_UNIQUE,PASS_CURRENT_WORKTREE
MESH_L2,0.5,bottom,WORST_MINIMUM_ANGLE,5,209,BOTTOM_MIRRORED_FS_POLAR_RING,6,9,bottomReferenceSurface mirrored from FS producer,0,1,0.661444817253932,0.813292577891826,2.51523921549299,4.5,5.28601299722115,165.717927010987,84.7139870027789,180,14.2755015079889,13.204810466009,-50,17.8201304833489,9.07980999561225,-50,12.810845866506,15.0808872100317,-50,10.2906897935432,16.9028396139995,-50,16.1803398885575,11.7557050443925,-50,5,5|3,5|3,80,40,80,RADIAL_GRADING_OR_FIXED_RING_COUNT,NO,NOT_YET_UNIQUE,PASS_CURRENT_WORKTREE
MESH_L2,0.5,farfield,WORST_ASPECT_RATIO,1,80,FARFIELD_STRUCTURED_WALL,NaN,NaN,build_frustum_wall equal-count rings,0,0,659.627942944459,25.6832229859194,4.3992054270044,12,87.846949030035,92.153050969965,2.15305096996502,0,-678.099752978555,-80.2583947004673,-1.78571428571429,-687.121092217867,-54.0776027537246,0,-680.760047394444,-107.821799102866,0,-669.132736730576,-105.980214010873,-3.57142857142857,-675.385135571334,-53.1539629344059,-3.57142857142857,5,5|3,5|3,80,40,80,FIVE_BLOCK_CORE_MAPPING_OR_ROUNDING,NO,NOT_YET_UNIQUE,PASS_CURRENT_WORKTREE
MESH_L2,0.5,farfield,WORST_MINIMUM_ANGLE,1,571,FARFIELD_STRUCTURED_WALL,NaN,NaN,build_frustum_wall equal-count rings,0,0,580.084006214572,24.0849331785366,3.87323963540406,12,87.8469490300348,92.1530509699652,2.15305096996524,1.20741826972573e-06,-333.614727090393,-499.289723075093,-26.7857142857143,-356.691650193195,-490.943938510409,-25,-317.073071406876,-517.416226520069,-25,-310.92208947901,-507.37873628355,-28.5714285714286,-349.772097282492,-481.419990986345,-28.5714285714286,5,5|3,5|3,80,40,80,FIVE_BLOCK_CORE_MAPPING_OR_ROUNDING,NO,NOT_YET_UNIQUE,PASS_CURRENT_WORKTREE
MESH_L2,0.5,farfield,WORST_ASPECT_RATIO,2,57,FARFIELD_STRUCTURED_WALL,NaN,NaN,build_frustum_wall equal-count rings,0,0,659.627942944457,25.6832229859194,4.39920542700439,12,87.846949030035,92.1530509699651,2.15305096996512,8.53773646251594e-07,80.2583946985395,678.099752978784,-1.78571428571429,107.82179910093,680.760047394751,0,54.0776027517712,687.121092218021,0,53.1539629324859,675.385135571485,-3.57142857142857,105.98021400897,669.132736730878,-3.57142857142857,5,5|3,5|3,80,40,80,FIVE_BLOCK_CORE_MAPPING_OR_ROUNDING,NO,NOT_YET_UNIQUE,PASS_CURRENT_WORKTREE
MESH_L2,0.5,farfield,WORST_MINIMUM_ANGLE,2,591,FARFIELD_STRUCTURED_WALL,NaN,NaN,build_frustum_wall equal-count rings,0,0,580.084006214572,24.0849331785366,3.87323963540406,12,87.8469490300348,92.1530509699652,2.15305096996524,1.20741826972573e-06,499.289723075093,-333.614727090393,-26.7857142857143,490.943938510409,-356.691650193195,-25,517.416226520069,-317.073071406876,-25,507.37873628355,-310.92208947901,-28.5714285714286,481.419990986345,-349.772097282492,-28.5714285714286,5,5|3,5|3,80,40,80,FIVE_BLOCK_CORE_MAPPING_OR_ROUNDING,NO,NOT_YET_UNIQUE,PASS_CURRENT_WORKTREE
MESH_L2,0.5,farfield,WORST_ASPECT_RATIO,3,56,FARFIELD_STRUCTURED_WALL,NaN,NaN,build_frustum_wall equal-count rings,0,0,659.627942944454,25.6832229859193,4.39920542700439,12,87.8469490300351,92.1530509699649,2.15305096996489,8.53773646251594e-07,133.21407828456,669.712396672086,-1.78571428571429,160.901238204246,670.201890503604,0,107.82179910093,680.760047394751,0,105.98021400897,669.132736730878,-3.57142857142857,158.153061824092,658.75491205911,-3.57142857142857,5,5|3,5|3,80,40,80,FIVE_BLOCK_CORE_MAPPING_OR_ROUNDING,NO,NOT_YET_UNIQUE,PASS_CURRENT_WORKTREE
MESH_L2,0.5,farfield,WORST_MINIMUM_ANGLE,3,772,FARFIELD_STRUCTURED_WALL,NaN,NaN,build_frustum_wall equal-count rings,0,0,557.357167148895,23.6084130586724,3.72296369494684,12,87.8469490300348,92.1530509699652,2.15305096996524,0,281.917014022482,503.399050576997,-33.9285714285714,304.771107551144,497.341246047031,-32.1428571428571,264.810655505769,519.720174467154,-32.1428571428571,259.466167409735,509.231025983293,-35.7142857142857,298.620125623278,487.303755810512,-35.7142857142857,5,5|3,5|3,80,40,80,FIVE_BLOCK_CORE_MAPPING_OR_ROUNDING,NO,NOT_YET_UNIQUE,PASS_CURRENT_WORKTREE
MESH_L2,0.5,farfield,WORST_ASPECT_RATIO,4,69,FARFIELD_STRUCTURED_WALL,NaN,NaN,build_frustum_wall equal-count rings,0,0,659.627942944455,25.6832229859193,4.39920542700438,12,87.8469490300351,92.1530509699648,2.15305096996488,8.53773646251594e-07,-501.41952326482,463.507439636469,-1.78571428571429,-487.370384046679,487.370384045294,0,-524.106623421032,447.62934418609,0,-515.154936912943,439.983881637229,-3.57142857142857,-479.046148678625,479.046148677263,-3.57142857142857,5,5|3,5|3,80,40,80,FIVE_BLOCK_CORE_MAPPING_OR_ROUNDING,NO,NOT_YET_UNIQUE,PASS_CURRENT_WORKTREE
MESH_L2,0.5,farfield,WORST_MINIMUM_ANGLE,4,1028,FARFIELD_STRUCTURED_WALL,NaN,NaN,build_frustum_wall equal-count rings,0,0,523.266908550373,22.8750280557287,3.49754978426101,12,87.8469490300348,92.1530509699653,2.15305096996528,0,-367.689252136248,397.763992006912,-44.6428571428571,-355.883793600942,416.686385322949,-42.8571428571429,-387.479559630025,387.479559628924,-42.8571428571429,-379.155324261971,379.155324260893,-46.4285714285714,-348.238331052056,407.734698814881,-46.4285714285714,5,5|3,5|3,80,40,80,FIVE_BLOCK_CORE_MAPPING_OR_ROUNDING,NO,NOT_YET_UNIQUE,PASS_CURRENT_WORKTREE
MESH_L2,0.5,farfield,WORST_ASPECT_RATIO,5,76,FARFIELD_STRUCTURED_WALL,NaN,NaN,build_frustum_wall equal-count rings,0,0,659.627942944457,25.6832229859194,4.39920542700438,12,87.846949030035,92.1530509699651,2.15305096996505,0,-669.712396672086,133.21407828456,-1.78571428571429,-670.201890503604,160.901238204246,0,-680.760047394751,107.82179910093,0,-669.132736730878,105.98021400897,-3.57142857142857,-658.75491205911,158.153061824092,-3.57142857142857,5,5|3,5|3,80,40,80,FIVE_BLOCK_CORE_MAPPING_OR_ROUNDING,NO,NOT_YET_UNIQUE,PASS_CURRENT_WORKTREE
MESH_L2,0.5,farfield,WORST_MINIMUM_ANGLE,5,226,FARFIELD_STRUCTURED_WALL,NaN,NaN,build_frustum_wall equal-count rings,0,0,636.901103878772,25.2368996487043,4.24892948654709,12,87.8469490300348,92.1530509699651,2.15305096996522,0,-366.291064188375,548.193317475509,-8.92857142857143,-347.82798104782,567.603677701674,-7.14285714285714,-391.289414748242,538.563676129617,-7.14285714285714,-384.369861837512,529.039728605572,-10.7142857142857,-341.676999119925,557.566187465172,-10.7142857142857,5,5|3,5|3,80,40,80,FIVE_BLOCK_CORE_MAPPING_OR_ROUNDING,NO,NOT_YET_UNIQUE,PASS_CURRENT_WORKTREE
MESH_L3,0.5,body,WORST_ASPECT_RATIO,1,7,BODY_SURFACE,NaN,NaN,not-applicable,0,0,0.234131195130669,0.483871052172651,1.41088028264537,4,85.865816333799,94.4022000533058,4.40220005330582,0.293780667706001,-0.20896445775,-3.320693009,-3.7157836875,-0.3971006757,-3.524365975,-3.524365975,-0.4387571553,-3.105423146,-3.894077457,0,-3.117449009,-3.909157412,0,-3.535533906,-3.535533906,7,6|4,6|4,112,56,112,NOT_CLASSIFIED,NO,NOT_YET_UNIQUE,PASS_CURRENT_WORKTREE
MESH_L3,0.5,body,WORST_MINIMUM_ANGLE,1,1,BODY_SURFACE,NaN,NaN,not-applicable,0,0,0.242288591638871,0.492228190617798,1.03939522271878,4,63.7439059459357,119.742293474689,29.7422934746887,3.110422347816,-2.76692798925,-2.76692798925,-3.09081111625,-2.886751346,-2.886751346,-2.886751346,-3.079642348,-2.45593282,-3.079642348,-2.645385443,-2.645385443,-3.317208423,-2.45593282,-3.079642348,-3.079642348,7,6|4,6|4,112,56,112,NOT_CLASSIFIED,NO,NOT_YET_UNIQUE,PASS_CURRENT_WORKTREE
MESH_L3,0.5,body,WORST_ASPECT_RATIO,2,8,BODY_SURFACE,NaN,NaN,not-applicable,0,0,0.234131195130669,0.483871052172651,1.41088028264537,4,85.865816333799,94.4022000533058,4.40220005330582,0.304515912829042,0.20896445775,-3.320693009,-3.7157836875,0,-3.535533906,-3.535533906,0,-3.117449009,-3.909157412,0.4387571553,-3.105423146,-3.894077457,0.3971006757,-3.524365975,-3.524365975,7,6|4,6|4,112,56,112,NOT_CLASSIFIED,NO,NOT_YET_UNIQUE,PASS_CURRENT_WORKTREE
MESH_L3,0.5,body,WORST_MINIMUM_ANGLE,2,14,BODY_SURFACE,NaN,NaN,not-applicable,0,0,0.242288591638871,0.492228190617798,1.03939522271878,4,63.7439059459357,119.742293474689,29.7422934746887,5.01605271391314,2.76692798925,-2.76692798925,-3.09081111625,2.45593282,-3.079642348,-3.079642348,2.645385443,-2.645385443,-3.317208423,3.079642348,-2.45593282,-3.079642348,2.886751346,-2.886751346,-2.886751346,7,6|4,6|4,112,56,112,NOT_CLASSIFIED,NO,NOT_YET_UNIQUE,PASS_CURRENT_WORKTREE
MESH_L3,0.5,body,WORST_ASPECT_RATIO,3,85,BODY_SURFACE,NaN,NaN,not-applicable,0,0,0.234131195130669,0.483871052172651,1.41088028264537,4,85.865816333799,94.4022000533058,4.40220005330582,0.293780667707241,-3.320693009,-0.20896445775,-3.7157836875,-3.524365975,-0.3971006757,-3.524365975,-3.535533906,0,-3.535533906,-3.117449009,0,-3.909157412,-3.105423146,-0.4387571553,-3.894077457,7,6|4,6|4,112,56,112,NOT_CLASSIFIED,NO,NOT_YET_UNIQUE,PASS_CURRENT_WORKTREE
MESH_L3,0.5,body,WORST_MINIMUM_ANGLE,3,183,BODY_SURFACE,NaN,NaN,not-applicable,0,0,0.242288591638871,0.492228190617798,1.03939522271878,4,63.7439059459357,119.742293474689,29.7422934746887,5.01605271391314,-2.76692798925,2.76692798925,-3.09081111625,-3.079642348,2.45593282,-3.079642348,-2.886751346,2.886751346,-2.886751346,-2.45593282,3.079642348,-3.079642348,-2.645385443,2.645385443,-3.317208423,7,6|4,6|4,112,56,112,NOT_CLASSIFIED,NO,NOT_YET_UNIQUE,PASS_CURRENT_WORKTREE
MESH_L3,0.5,body,WORST_ASPECT_RATIO,4,98,BODY_SURFACE,NaN,NaN,not-applicable,0,0,0.234131195130669,0.483871052172651,1.41088028264537,4,85.865816333799,94.4022000533058,4.40220005330582,0.304515912829042,3.320693009,-0.20896445775,-3.7157836875,3.105423146,-0.4387571553,-3.894077457,3.117449009,0,-3.909157412,3.535533906,0,-3.535533906,3.524365975,-0.3971006757,-3.524365975,7,6|4,6|4,112,56,112,NOT_CLASSIFIED,NO,NOT_YET_UNIQUE,PASS_CURRENT_WORKTREE
MESH_L3,0.5,body,WORST_MINIMUM_ANGLE,4,196,BODY_SURFACE,NaN,NaN,not-applicable,0,0,0.242288591638871,0.492228190617798,1.03939522271878,4,63.7439059459357,119.742293474689,29.7422934746887,3.110422347816,2.76692798925,2.76692798925,-3.09081111625,2.645385443,2.645385443,-3.317208423,2.45593282,3.079642348,-3.079642348,2.886751346,2.886751346,-2.886751346,3.079642348,2.45593282,-3.079642348,7,6|4,6|4,112,56,112,NOT_CLASSIFIED,NO,NOT_YET_UNIQUE,PASS_CURRENT_WORKTREE
MESH_L3,0.5,body,WORST_ASPECT_RATIO,5,99,BODY_SURFACE,NaN,NaN,not-applicable,0,0,0.234131195130669,0.483871052172651,1.41088028264537,4,85.865816333799,94.4022000533058,4.40220005330582,0.304515912829042,-3.320693009,0.20896445775,-3.7157836875,-3.535533906,0,-3.535533906,-3.524365975,0.3971006757,-3.524365975,-3.105423146,0.4387571553,-3.894077457,-3.117449009,0,-3.909157412,7,6|4,6|4,112,56,112,NOT_CLASSIFIED,NO,NOT_YET_UNIQUE,PASS_CURRENT_WORKTREE
MESH_L3,0.5,body,WORST_MINIMUM_ANGLE,5,197,BODY_SURFACE,NaN,NaN,not-applicable,0,0,0.242288591638871,0.492228190617798,1.03939522271878,4,63.7439059459357,119.742293474689,29.7422934746887,3.11042234781611,3.09081111625,-2.76692798925,-2.76692798925,2.886751346,-2.886751346,-2.886751346,3.079642348,-2.45593282,-3.079642348,3.317208423,-2.645385443,-2.645385443,3.079642348,-3.079642348,-2.45593282,7,6|4,6|4,112,56,112,NOT_CLASSIFIED,NO,NOT_YET_UNIQUE,PASS_CURRENT_WORKTREE
MESH_L3,0.5,free_surface,WORST_ASPECT_RATIO,1,559,FS_BASE_EQUAL_COUNT_POLAR_RING,10,55,generate_free_surface_bmf radial weights + elliptic smoothing,0,1,5621.91783210258,74.9794493985024,12.1922444288728,12,86.7778349871398,93.2394171470165,3.23941714701648,0,143.675854070107,-202.468255021819,0,78.6009053116662,-125.040429280705,0,186.010599379817,-296.034172986856,0,217.9863148343,-273.346192954304,0,92.1055967546451,-115.452224865411,0,7,6|4,6|4,112,56,112,RADIAL_GRADING_OR_FIXED_RING_COUNT,NO,NOT_YET_UNIQUE,PASS_CURRENT_WORKTREE
MESH_L3,0.5,free_surface,WORST_MINIMUM_ANGLE,1,2641,FS_OUTER_TRUNCATION_TRANSITION,NaN,NaN,prepare_horizontal_surface + zipper_annulus,1,1,468.756272537038,21.6507799521643,1.85755901385258,12,32.5563715892084,88.3928571428572,57.4436284107916,0,-675.075056387042,-89.0263106596753,0,-660.80572933776,-74.4549242275368,0,-684.911974050309,-77.171045689259,0,-679.507465773057,-115.45296206223,0,-679.507465773057,-115.45296206223,0,7,6|4,6|4,112,56,112,COUNT_TRANSITION_OR_ZIPPER,NO,NOT_YET_UNIQUE,PASS_CURRENT_WORKTREE
MESH_L3,0.5,free_surface,WORST_ASPECT_RATIO,2,558,FS_BASE_EQUAL_COUNT_POLAR_RING,10,54,generate_free_surface_bmf radial weights + elliptic smoothing,0,1,5621.8867026773,74.9792418118328,12.1919762214642,12,86.777835103056,93.2394482914031,3.23944829140314,0,120.103651946379,-217.282590746863,0,64.1074104271938,-133.05640915869,0,151.69569266684,-314.999351561202,0,186.010599379817,-296.034172986856,0,78.6009053116662,-125.040429280705,0,7,6|4,6|4,112,56,112,RADIAL_GRADING_OR_FIXED_RING_COUNT,NO,NOT_YET_UNIQUE,PASS_CURRENT_WORKTREE
MESH_L3,0.5,free_surface,WORST_MINIMUM_ANGLE,2,2695,FS_OUTER_TRUNCATION_TRANSITION,NaN,NaN,prepare_horizontal_surface + zipper_annulus,1,1,468.756272537038,21.6507799521643,1.85755901385258,12,32.5563715892084,88.3928571428572,57.4436284107916,0,89.0263106596752,-675.075056387042,0,74.4549242275368,-660.80572933776,0,77.171045689259,-684.911974050309,0,115.45296206223,-679.507465773057,0,115.45296206223,-679.507465773057,0,7,6|4,6|4,112,56,112,COUNT_TRANSITION_OR_ZIPPER,NO,NOT_YET_UNIQUE,PASS_CURRENT_WORKTREE
MESH_L3,0.5,free_surface,WORST_ASPECT_RATIO,3,557,FS_BASE_EQUAL_COUNT_POLAR_RING,10,53,generate_free_surface_bmf radial weights + elliptic smoothing,0,1,5621.8554181531,74.9790331903066,12.1917067650233,12,86.7778351066052,93.2394765929148,3.23947659291478,0,95.0208945311666,-229.364577360704,0,48.8073504200037,-139.399318207966,0,115.473124610629,-330.003230514958,0,151.69569266684,-314.999351561202,0,64.1074104271938,-133.05640915869,0,7,6|4,6|4,112,56,112,RADIAL_GRADING_OR_FIXED_RING_COUNT,NO,NOT_YET_UNIQUE,PASS_CURRENT_WORKTREE
MESH_L3,0.5,free_surface,WORST_MINIMUM_ANGLE,3,2749,FS_OUTER_TRUNCATION_TRANSITION,NaN,NaN,prepare_horizontal_surface + zipper_annulus,1,1,468.756272537038,21.6507799521643,1.85755901385258,12,32.5563715892084,88.3928571428572,57.4436284107916,0,675.075056387042,89.0263106596752,0,660.80572933776,74.4549242275367,0,684.911974050309,77.1710456892589,0,679.507465773057,115.45296206223,0,679.507465773057,115.45296206223,0,7,6|4,6|4,112,56,112,COUNT_TRANSITION_OR_ZIPPER,NO,NOT_YET_UNIQUE,PASS_CURRENT_WORKTREE
MESH_L3,0.5,free_surface,WORST_ASPECT_RATIO,4,556,FS_BASE_EQUAL_COUNT_POLAR_RING,10,52,generate_free_surface_bmf radial weights + elliptic smoothing,0,1,5621.82400018078,74.9788236782945,12.1914361862417,12,86.7778349864426,93.2395019075426,3.23950190754262,0,68.7430003975281,-238.562255773164,0,32.8931115292736,-143.989347003384,0,77.7984150302061,-340.857127366347,0,115.473124610629,-330.003230514958,0,48.8073504200037,-139.399318207966,0,7,6|4,6|4,112,56,112,RADIAL_GRADING_OR_FIXED_RING_COUNT,NO,NOT_YET_UNIQUE,PASS_CURRENT_WORKTREE
MESH_L3,0.5,free_surface,WORST_MINIMUM_ANGLE,4,2803,FS_OUTER_TRUNCATION_TRANSITION,NaN,NaN,prepare_horizontal_surface + zipper_annulus,1,1,468.756272537034,21.6507799521642,1.85755901385257,12,32.5563715892086,88.3928571428573,57.4436284107914,0,-89.026310659675,675.075056387042,0,-74.4549242275367,660.80572933776,0,-77.1710456892589,684.911974050309,0,-115.45296206223,679.507465773057,0,-115.45296206223,679.507465773057,0,7,6|4,6|4,112,56,112,COUNT_TRANSITION_OR_ZIPPER,NO,NOT_YET_UNIQUE,PASS_CURRENT_WORKTREE
MESH_L3,0.5,free_surface,WORST_ASPECT_RATIO,5,555,FS_BASE_EQUAL_COUNT_POLAR_RING,10,51,generate_free_surface_bmf radial weights + elliptic smoothing,0,1,5621.79246956008,74.9786134144936,12.1911646180532,12,86.7778347291814,93.2395241182543,3.23952411825434,0,41.6004201724983,-244.759937422873,0,16.5648089053665,-146.76872724714,0,39.1453452251471,-347.42454807462,0,77.7984150302061,-340.857127366347,0,32.8931115292736,-143.989347003384,0,7,6|4,6|4,112,56,112,RADIAL_GRADING_OR_FIXED_RING_COUNT,NO,NOT_YET_UNIQUE,PASS_CURRENT_WORKTREE
MESH_L3,0.5,free_surface,WORST_MINIMUM_ANGLE,5,2537,FS_OUTER_TRUNCATION_TRANSITION,NaN,NaN,prepare_horizontal_surface + zipper_annulus,1,1,468.989597429324,21.6561676533343,1.85737628745329,12,32.5588842774144,88.3333333333332,57.4411157225856,0,650.9545985875,86.3150404495255,0,636.699484625211,71.7388027658145,0,660.80572933776,74.4549242275367,0,655.358581799528,112.751394355225,0,655.358581799528,112.751394355225,0,7,6|4,6|4,112,56,112,COUNT_TRANSITION_OR_ZIPPER,NO,NOT_YET_UNIQUE,PASS_CURRENT_WORKTREE
MESH_L3,0.5,bottom,WORST_ASPECT_RATIO,1,559,BOTTOM_MIRRORED_FS_POLAR_RING,10,55,bottomReferenceSurface mirrored from FS producer,0,1,5621.91783210258,74.9794493985024,12.1922444288728,12,86.7778349871398,93.2394171470165,3.23941714701648,0,143.675854070107,-202.468255021819,-50,78.6009053116662,-125.040429280705,-50,186.010599379817,-296.034172986856,-50,217.9863148343,-273.346192954304,-50,92.1055967546451,-115.452224865411,-50,7,6|4,6|4,112,56,112,RADIAL_GRADING_OR_FIXED_RING_COUNT,NO,NOT_YET_UNIQUE,PASS_CURRENT_WORKTREE
MESH_L3,0.5,bottom,WORST_MINIMUM_ANGLE,1,1177,BOTTOM_OUTER_TRUNCATION_TRANSITION,NaN,NaN,prepare_horizontal_surface + zipper_annulus,1,1,236.312261025347,15.3724513668233,3.14586107797598,12,18.5083193947278,87.0000000000024,71.4916806052722,0,52.5409253808249,-353.626848107504,-50,39.1453452251471,-347.42454807462,-50,40.5433932689029,-359.832567648714,-50,77.9340376484246,-353.623428599177,-50,77.9340376484246,-353.623428599177,-50,7,6|4,6|4,112,56,112,COUNT_TRANSITION_OR_ZIPPER,NO,NOT_YET_UNIQUE,PASS_CURRENT_WORKTREE
MESH_L3,0.5,bottom,WORST_ASPECT_RATIO,2,558,BOTTOM_MIRRORED_FS_POLAR_RING,10,54,bottomReferenceSurface mirrored from FS producer,0,1,5621.8867026773,74.9792418118328,12.1919762214642,12,86.777835103056,93.2394482914031,3.23944829140314,0,120.103651946379,-217.282590746863,-50,64.1074104271938,-133.05640915869,-50,151.69569266684,-314.999351561202,-50,186.010599379817,-296.034172986856,-50,78.6009053116662,-125.040429280705,-50,7,6|4,6|4,112,56,112,RADIAL_GRADING_OR_FIXED_RING_COUNT,NO,NOT_YET_UNIQUE,PASS_CURRENT_WORKTREE
MESH_L3,0.5,bottom,WORST_MINIMUM_ANGLE,2,1149,BOTTOM_OUTER_TRUNCATION_TRANSITION,NaN,NaN,prepare_horizontal_surface + zipper_annulus,1,1,236.312261025345,15.3724513668232,3.14586107797595,12,18.5083193947279,86.9999999999997,71.4916806052721,0,-353.626848107504,-52.5409253808251,-50,-347.42454807462,-39.1453452251477,-50,-359.832567648714,-40.5433932689029,-50,-353.623428599177,-77.9340376484247,-50,-353.623428599177,-77.9340376484247,-50,7,6|4,6|4,112,56,112,COUNT_TRANSITION_OR_ZIPPER,NO,NOT_YET_UNIQUE,PASS_CURRENT_WORKTREE
MESH_L3,0.5,bottom,WORST_ASPECT_RATIO,3,557,BOTTOM_MIRRORED_FS_POLAR_RING,10,53,bottomReferenceSurface mirrored from FS producer,0,1,5621.8554181531,74.9790331903066,12.1917067650233,12,86.7778351066052,93.2394765929148,3.23947659291478,0,95.0208945311666,-229.364577360704,-50,48.8073504200037,-139.399318207966,-50,115.473124610629,-330.003230514958,-50,151.69569266684,-314.999351561202,-50,64.1074104271938,-133.05640915869,-50,7,6|4,6|4,112,56,112,RADIAL_GRADING_OR_FIXED_RING_COUNT,NO,NOT_YET_UNIQUE,PASS_CURRENT_WORKTREE
MESH_L3,0.5,bottom,WORST_MINIMUM_ANGLE,3,1205,BOTTOM_OUTER_TRUNCATION_TRANSITION,NaN,NaN,prepare_horizontal_surface + zipper_annulus,1,1,236.312261025344,15.3724513668232,3.14586107797593,12,18.508319394728,86.9999999999995,71.491680605272,0,353.626848107504,52.540925380825,-50,347.42454807462,39.1453452251477,-50,359.832567648714,40.5433932689029,-50,353.623428599177,77.9340376484245,-50,353.623428599177,77.9340376484245,-50,7,6|4,6|4,112,56,112,COUNT_TRANSITION_OR_ZIPPER,NO,NOT_YET_UNIQUE,PASS_CURRENT_WORKTREE
MESH_L3,0.5,bottom,WORST_ASPECT_RATIO,4,556,BOTTOM_MIRRORED_FS_POLAR_RING,10,52,bottomReferenceSurface mirrored from FS producer,0,1,5621.82400018078,74.9788236782945,12.1914361862417,12,86.7778349864426,93.2395019075426,3.23950190754262,0,68.7430003975281,-238.562255773164,-50,32.8931115292736,-143.989347003384,-50,77.7984150302061,-340.857127366347,-50,115.473124610629,-330.003230514958,-50,48.8073504200037,-139.399318207966,-50,7,6|4,6|4,112,56,112,RADIAL_GRADING_OR_FIXED_RING_COUNT,NO,NOT_YET_UNIQUE,PASS_CURRENT_WORKTREE
MESH_L3,0.5,bottom,WORST_MINIMUM_ANGLE,4,1233,BOTTOM_OUTER_TRUNCATION_TRANSITION,NaN,NaN,prepare_horizontal_surface + zipper_annulus,1,1,236.312261025344,15.3724513668232,3.14586107797593,12,18.508319394728,86.9999999999993,71.491680605272,0,-52.540925380825,353.626848107504,-50,-39.1453452251477,347.42454807462,-50,-40.5433932689029,359.832567648714,-50,-77.9340376484245,353.623428599177,-50,-77.9340376484245,353.623428599177,-50,7,6|4,6|4,112,56,112,COUNT_TRANSITION_OR_ZIPPER,NO,NOT_YET_UNIQUE,PASS_CURRENT_WORKTREE
MESH_L3,0.5,bottom,WORST_ASPECT_RATIO,5,555,BOTTOM_MIRRORED_FS_POLAR_RING,10,51,bottomReferenceSurface mirrored from FS producer,0,1,5621.79246956008,74.9786134144936,12.1911646180532,12,86.7778347291814,93.2395241182543,3.23952411825434,0,41.6004201724983,-244.759937422873,-50,16.5648089053665,-146.76872724714,-50,39.1453452251471,-347.42454807462,-50,77.7984150302061,-340.857127366347,-50,32.8931115292736,-143.989347003384,-50,7,6|4,6|4,112,56,112,RADIAL_GRADING_OR_FIXED_RING_COUNT,NO,NOT_YET_UNIQUE,PASS_CURRENT_WORKTREE
MESH_L3,0.5,bottom,WORST_MINIMUM_ANGLE,5,1178,BOTTOM_OUTER_TRUNCATION_TRANSITION,NaN,NaN,prepare_horizontal_surface + zipper_annulus,1,1,247.173711748196,15.7217591810903,3.07674703440442,12,18.7226051097603,80.9658008523335,71.2773948902397,0,64.9592659679259,-347.301701346715,-50,39.1453452251471,-347.42454807462,-50,77.9340376484246,-353.623428599177,-50,77.7984150302061,-340.857127366347,-50,77.7984150302061,-340.857127366347,-50,7,6|4,6|4,112,56,112,COUNT_TRANSITION_OR_ZIPPER,NO,NOT_YET_UNIQUE,PASS_CURRENT_WORKTREE
MESH_L3,0.5,farfield,WORST_ASPECT_RATIO,1,94,FARFIELD_STRUCTURED_WALL,NaN,NaN,build_frustum_wall equal-count rings,0,0,388.789633867558,19.7177492089629,3.81611776992685,12,88.4620901190046,91.5379098809954,1.53790988099543,1.4787793334711e-06,-411.378572858571,546.626393831163,-1.47058823529412,-398.846764533098,562.121909297035,0,-429.737731649051,538.874071084695,0,-423.693128155032,531.294378046303,-2.94117647058824,-393.236667097102,554.215216896619,-2.94117647058824,7,6|4,6|4,112,56,112,FIVE_BLOCK_CORE_MAPPING_OR_ROUNDING,NO,NOT_YET_UNIQUE,PASS_CURRENT_WORKTREE
MESH_L3,0.5,farfield,WORST_MINIMUM_ANGLE,1,92,FARFIELD_STRUCTURED_WALL,NaN,NaN,build_frustum_wall equal-count rings,0,0,388.789633867551,19.7177492089628,3.81611776992679,12,88.4620901190043,91.5379098809955,1.5379098809957,0,-347.589172928473,589.249108190175,-1.47058823529412,-333.401214712321,603.244073753413,0,-366.700877936833,583.60110401765,0,-361.542938000931,575.392289634697,-2.94117647058824,-328.711661063804,594.75896535494,-2.94117647058824,7,6|4,6|4,112,56,112,FIVE_BLOCK_CORE_MAPPING_OR_ROUNDING,NO,NOT_YET_UNIQUE,PASS_CURRENT_WORKTREE
MESH_L3,0.5,farfield,WORST_ASPECT_RATIO,2,87,FARFIELD_STRUCTURED_WALL,NaN,NaN,build_frustum_wall equal-count rings,0,0,388.789633867557,19.7177492089629,3.81611776992685,12,88.4620901190047,91.5379098809952,1.53790988099534,0,-170.879378965076,662.444701454035,-1.47058823529412,-153.371620703071,671.964975614933,0,-190.807715483146,662.308235040428,0,-188.123852981082,652.992342167163,-2.94117647058824,-151.214326693007,662.513252993617,-2.94117647058824,7,6|4,6|4,112,56,112,FIVE_BLOCK_CORE_MAPPING_OR_ROUNDING,NO,NOT_YET_UNIQUE,PASS_CURRENT_WORKTREE
MESH_L3,0.5,farfield,WORST_MINIMUM_ANGLE,2,316,FARFIELD_STRUCTURED_WALL,NaN,NaN,build_frustum_wall equal-count rings,0,0,377.774896575991,19.4364321977052,3.70876429776515,12,88.4620901190043,91.5379098809955,1.53790988099568,0,-337.741679344053,572.555185408749,-7.35294117647059,-324.022107415287,586.273856956467,-5.88235294117647,-356.384998065029,567.183475251744,-5.88235294117647,-351.227058129126,558.974660868791,-8.82352941176471,-319.33255376677,577.788748557994,-8.82352941176471,7,6|4,6|4,112,56,112,FIVE_BLOCK_CORE_MAPPING_OR_ROUNDING,NO,NOT_YET_UNIQUE,PASS_CURRENT_WORKTREE
MESH_L3,0.5,farfield,WORST_ASPECT_RATIO,3,107,FARFIELD_STRUCTURED_WALL,NaN,NaN,build_frustum_wall equal-count rings,0,0,388.789633867557,19.7177492089629,3.81611776992684,12,88.4620901190049,91.5379098809951,1.53790988099512,0,-670.983836600452,133.466983411458,-1.47058823529412,-671.964975615031,153.371620702641,0,-679.507465773131,115.452962061795,0,-669.949652019931,113.829024188814,-2.94117647058824,-662.513252993714,151.214326692583,-2.94117647058824,7,6|4,6|4,112,56,112,FIVE_BLOCK_CORE_MAPPING_OR_ROUNDING,NO,NOT_YET_UNIQUE,PASS_CURRENT_WORKTREE
MESH_L3,0.5,farfield,WORST_MINIMUM_ANGLE,3,876,FARFIELD_STRUCTURED_WALL,NaN,NaN,build_frustum_wall equal-count rings,0,0,350.238053347075,18.7146480957317,3.44038061736117,12,88.4620901190044,91.5379098809956,1.53790988099563,8.53773646251594e-07,-313.122945383005,530.820378455184,-22.0588235294118,-300.574339172702,543.848314964103,-20.5882352941176,-330.595298385516,526.139403336979,-20.5882352941176,-325.437358449614,517.930588954026,-23.5294117647059,-295.884785524185,535.36320656563,-23.5294117647059,7,6|4,6|4,112,56,112,FIVE_BLOCK_CORE_MAPPING_OR_ROUNDING,NO,NOT_YET_UNIQUE,PASS_CURRENT_WORKTREE
MESH_L3,0.5,farfield,WORST_ASPECT_RATIO,4,79,FARFIELD_STRUCTURED_WALL,NaN,NaN,build_frustum_wall equal-count rings,0,0,388.789633867556,19.7177492089629,3.81611776992684,12,88.4620901190049,91.5379098809951,1.53790988099512,0,133.466983411458,670.983836600452,-1.47058823529412,153.371620702641,671.964975615032,0,115.452962061795,679.507465773131,0,113.829024188814,669.949652019931,-2.94117647058824,151.214326692583,662.513252993714,-2.94117647058824,7,6|4,6|4,112,56,112,FIVE_BLOCK_CORE_MAPPING_OR_ROUNDING,NO,NOT_YET_UNIQUE,PASS_CURRENT_WORKTREE
MESH_L3,0.5,farfield,WORST_MINIMUM_ANGLE,4,129,FARFIELD_STRUCTURED_WALL,NaN,NaN,build_frustum_wall equal-count rings,0,0,383.282265221771,19.5775960021084,3.76244103384603,12,88.4620901190044,91.5379098809955,1.5379098809956,0,-342.665426135891,-580.902146799682,-4.41176470588235,-361.542938000562,-575.392289634929,-2.94117647058824,-328.711661063423,-594.758965355151,-2.94117647058824,-324.022107414912,-586.273856956675,-5.88235294117647,-356.384998064665,-567.183475251972,-5.88235294117647,7,6|4,6|4,112,56,112,FIVE_BLOCK_CORE_MAPPING_OR_ROUNDING,NO,NOT_YET_UNIQUE,PASS_CURRENT_WORKTREE
MESH_L3,0.5,farfield,WORST_ASPECT_RATIO,5,90,FARFIELD_STRUCTURED_WALL,NaN,NaN,build_frustum_wall equal-count rings,0,0,388.789633867557,19.7177492089629,3.81611776992683,12,88.4620901190047,91.5379098809952,1.5379098809953,1.20741826972573e-06,-279.428637472862,624.4616731234,-1.47058823529412,-263.762951172646,636.780093971978,0,-299.052547919755,620.989014454336,0,-294.846135629369,612.254309330553,-2.94117647058824,-260.05291516968,627.823274736733,-2.94117647058824,7,6|4,6|4,112,56,112,FIVE_BLOCK_CORE_MAPPING_OR_ROUNDING,NO,NOT_YET_UNIQUE,PASS_CURRENT_WORKTREE
MESH_L3,0.5,farfield,WORST_MINIMUM_ANGLE,5,1055,FARFIELD_STRUCTURED_WALL,NaN,NaN,build_frustum_wall equal-count rings,0,0,339.223316055512,18.4180160727346,3.33302714519963,12,88.4620901190044,91.5379098809954,1.5379098809956,8.53773646251594e-07,544.84981350793,-243.804620152432,-27.9411764705882,542.376668340453,-261.194837305937,-26.4705882352941,556.168720854923,-230.372627145596,-26.4705882352941,547.211901619676,-226.662591142636,-29.4117647058824,533.641963216667,-256.988425015557,-29.4117647058824,7,6|4,6|4,112,56,112,FIVE_BLOCK_CORE_MAPPING_OR_ROUNDING,NO,NOT_YET_UNIQUE,PASS_CURRENT_WORKTREE
MESH_L1,2,body,WORST_ASPECT_RATIO,1,4,BODY_SURFACE,NaN,NaN,not-applicable,0,0,0.739049755021611,0.859680030605347,1.40403606215522,4,83.3675985133726,97.477670907615,7.47767090761501,0.852316080958008,-0.378067846325,-3.13876964175,-3.8238959065,-0.6964066266,-3.501072536,-3.501072536,-0.8158647587,-2.74062096,-4.101629122,0,-2.777851165,-4.157348062,0,-3.535533906,-3.535533906,4,4|2,4|2,64,32,64,NOT_CLASSIFIED,NO,NOT_YET_UNIQUE,PASS_CURRENT_WORKTREE
MESH_L1,2,body,WORST_MINIMUM_ANGLE,1,1,BODY_SURFACE,NaN,NaN,not-applicable,0,0,0.742144433882952,0.86147805188696,1.07121479803322,4,66.5620538048336,119.252730504558,29.2527305045578,4.94124446004091,-2.66191681075,-2.66191681075,-3.22857186425,-2.886751346,-2.886751346,-2.886751346,-3.196691349,-2.135960871,-3.196691349,-2.428263677,-2.428263677,-3.634153413,-2.135960871,-3.196691349,-3.196691349,4,4|2,4|2,64,32,64,NOT_CLASSIFIED,NO,NOT_YET_UNIQUE,PASS_CURRENT_WORKTREE
MESH_L1,2,body,WORST_ASPECT_RATIO,2,5,BODY_SURFACE,NaN,NaN,not-applicable,0,0,0.739049755021611,0.859680030605347,1.40403606215522,4,83.3675985133726,97.477670907615,7.47767090761501,0.905518563673387,0.378067846325,-3.13876964175,-3.8238959065,0,-3.535533906,-3.535533906,0,-2.777851165,-4.157348062,0.8158647587,-2.74062096,-4.101629122,0.6964066266,-3.501072536,-3.501072536,4,4|2,4|2,64,32,64,NOT_CLASSIFIED,NO,NOT_YET_UNIQUE,PASS_CURRENT_WORKTREE
MESH_L1,2,body,WORST_MINIMUM_ANGLE,2,8,BODY_SURFACE,NaN,NaN,not-applicable,0,0,0.742144433882952,0.86147805188696,1.07121479803322,4,66.5620538048336,119.252730504558,29.2527305045578,7.58291583832407,2.66191681075,-2.66191681075,-3.22857186425,2.135960871,-3.196691349,-3.196691349,2.428263677,-2.428263677,-3.634153413,3.196691349,-2.135960871,-3.196691349,2.886751346,-2.886751346,-2.886751346,4,4|2,4|2,64,32,64,NOT_CLASSIFIED,NO,NOT_YET_UNIQUE,PASS_CURRENT_WORKTREE
MESH_L1,2,body,WORST_ASPECT_RATIO,3,25,BODY_SURFACE,NaN,NaN,not-applicable,0,0,0.739049755021611,0.859680030605347,1.40403606215522,4,83.3675985133726,97.477670907615,7.47767090761501,0.852316080957153,-3.13876964175,-0.378067846325,-3.8238959065,-3.501072536,-0.6964066266,-3.501072536,-3.535533906,0,-3.535533906,-2.777851165,0,-4.157348062,-2.74062096,-0.8158647587,-4.101629122,4,4|2,4|2,64,32,64,NOT_CLASSIFIED,NO,NOT_YET_UNIQUE,PASS_CURRENT_WORKTREE
MESH_L1,2,body,WORST_MINIMUM_ANGLE,3,57,BODY_SURFACE,NaN,NaN,not-applicable,0,0,0.742144433882952,0.86147805188696,1.07121479803322,4,66.5620538048336,119.252730504558,29.2527305045578,7.58291583832407,-2.66191681075,2.66191681075,-3.22857186425,-3.196691349,2.135960871,-3.196691349,-2.886751346,2.886751346,-2.886751346,-2.135960871,3.196691349,-3.196691349,-2.428263677,2.428263677,-3.634153413,4,4|2,4|2,64,32,64,NOT_CLASSIFIED,NO,NOT_YET_UNIQUE,PASS_CURRENT_WORKTREE
MESH_L1,2,body,WORST_ASPECT_RATIO,4,32,BODY_SURFACE,NaN,NaN,not-applicable,0,0,0.739049755021611,0.859680030605347,1.40403606215522,4,83.3675985133726,97.477670907615,7.47767090761501,0.905518563673387,3.13876964175,-0.378067846325,-3.8238959065,2.74062096,-0.8158647587,-4.101629122,2.777851165,0,-4.157348062,3.535533906,0,-3.535533906,3.501072536,-0.6964066266,-3.501072536,4,4|2,4|2,64,32,64,NOT_CLASSIFIED,NO,NOT_YET_UNIQUE,PASS_CURRENT_WORKTREE
MESH_L1,2,body,WORST_MINIMUM_ANGLE,4,64,BODY_SURFACE,NaN,NaN,not-applicable,0,0,0.742144433882952,0.86147805188696,1.07121479803322,4,66.5620538048336,119.252730504558,29.2527305045578,4.94124446004091,2.66191681075,2.66191681075,-3.22857186425,2.428263677,2.428263677,-3.634153413,2.135960871,3.196691349,-3.196691349,2.886751346,2.886751346,-2.886751346,3.196691349,2.135960871,-3.196691349,4,4|2,4|2,64,32,64,NOT_CLASSIFIED,NO,NOT_YET_UNIQUE,PASS_CURRENT_WORKTREE
MESH_L1,2,body,WORST_ASPECT_RATIO,5,33,BODY_SURFACE,NaN,NaN,not-applicable,0,0,0.739049755021611,0.859680030605347,1.40403606215522,4,83.3675985133726,97.477670907615,7.47767090761501,0.905518563673387,-3.13876964175,0.378067846325,-3.8238959065,-3.535533906,0,-3.535533906,-3.501072536,0.6964066266,-3.501072536,-2.74062096,0.8158647587,-4.101629122,-2.777851165,0,-4.157348062,4,4|2,4|2,64,32,64,NOT_CLASSIFIED,NO,NOT_YET_UNIQUE,PASS_CURRENT_WORKTREE
MESH_L1,2,body,WORST_MINIMUM_ANGLE,5,65,BODY_SURFACE,NaN,NaN,not-applicable,0,0,0.742144433882952,0.86147805188696,1.07121479803322,4,66.5620538048336,119.252730504558,29.2527305045578,4.94124446004091,3.22857186425,-2.66191681075,-2.66191681075,2.886751346,-2.886751346,-2.886751346,3.196691349,-2.135960871,-3.196691349,3.634153413,-2.428263677,-2.428263677,3.196691349,-3.196691349,-2.135960871,4,4|2,4|2,64,32,64,NOT_CLASSIFIED,NO,NOT_YET_UNIQUE,PASS_CURRENT_WORKTREE
MESH_L1,2,free_surface,WORST_ASPECT_RATIO,1,170,FS_BASE_EQUAL_COUNT_POLAR_RING,6,10,generate_free_surface_bmf radial weights + elliptic smoothing,0,0,97.8021395357338,9.88949642477987,2.41669180312338,12,84.3750000018611,95.6249999996478,5.62499999964777,0,16.9720084100819,31.7523944213025,0,16.2500739592769,24.3199543320975,0,23.9486186326518,35.8416406589747,0,16.4960954255691,39.8250973037076,0,11.1932456228298,27.0228853904303,0,4,4|2,4|2,64,32,64,RADIAL_GRADING_OR_FIXED_RING_COUNT,NO,NOT_YET_UNIQUE,PASS_CURRENT_WORKTREE
MESH_L1,2,free_surface,WORST_MINIMUM_ANGLE,1,209,FS_OUTER_TRUNCATION_TRANSITION,NaN,NaN,prepare_horizontal_surface + zipper_annulus,1,1,16.9751924786327,4.12009617346886,2.14785754470073,12,27.6331408123103,85.0000000000002,62.3668591876897,0,11.5832935911807,-44.2157939549736,0,8.40963652045181,-42.27809779464,0,9.2169781829934,-46.3368784184649,0,17.1232660700968,-44.0324056518157,0,17.1232660700968,-44.0324056518157,0,4,4|2,4|2,64,32,64,COUNT_TRANSITION_OR_ZIPPER,NO,NOT_YET_UNIQUE,PASS_CURRENT_WORKTREE
MESH_L1,2,free_surface,WORST_ASPECT_RATIO,2,167,FS_BASE_EQUAL_COUNT_POLAR_RING,6,7,generate_free_surface_bmf radial weights + elliptic smoothing,0,0,97.8021395357338,9.88949642477987,2.41669180312338,12,84.3750000018611,95.6249999996476,5.62499999964764,0,31.7523944213025,16.9720084100819,0,27.0228853904303,11.1932456228298,0,39.8250973037076,16.4960954255691,0,35.8416406589747,23.9486186326518,0,24.3199543320975,16.2500739592769,0,4,4|2,4|2,64,32,64,RADIAL_GRADING_OR_FIXED_RING_COUNT,NO,NOT_YET_UNIQUE,PASS_CURRENT_WORKTREE
MESH_L1,2,free_surface,WORST_MINIMUM_ANGLE,2,193,FS_OUTER_TRUNCATION_TRANSITION,NaN,NaN,prepare_horizontal_surface + zipper_annulus,1,1,16.9751924786327,4.12009617346886,2.14785754470073,12,27.6331408123104,85.0000000000001,62.3668591876896,0,-44.2157939549736,-11.5832935911807,0,-42.27809779464,-8.40963652045181,0,-46.3368784184649,-9.2169781829934,0,-44.0324056518157,-17.1232660700968,0,-44.0324056518157,-17.1232660700968,0,4,4|2,4|2,64,32,64,COUNT_TRANSITION_OR_ZIPPER,NO,NOT_YET_UNIQUE,PASS_CURRENT_WORKTREE
MESH_L1,2,free_surface,WORST_ASPECT_RATIO,3,178,FS_BASE_EQUAL_COUNT_POLAR_RING,6,18,generate_free_surface_bmf radial weights + elliptic smoothing,0,0,97.8021395357339,9.88949642477987,2.41669180312338,12,84.3750000018611,95.6249999996477,5.62499999964774,0,-31.7523944213025,16.9720084100819,0,-24.3199543320975,16.2500739592769,0,-35.8416406589747,23.9486186326518,0,-39.8250973037076,16.4960954255691,0,-27.0228853904303,11.1932456228298,0,4,4|2,4|2,64,32,64,RADIAL_GRADING_OR_FIXED_RING_COUNT,NO,NOT_YET_UNIQUE,PASS_CURRENT_WORKTREE
MESH_L1,2,free_surface,WORST_MINIMUM_ANGLE,3,225,FS_OUTER_TRUNCATION_TRANSITION,NaN,NaN,prepare_horizontal_surface + zipper_annulus,1,1,16.9751924786327,4.12009617346885,2.14785754470073,12,27.6331408123104,85.0000000000001,62.3668591876896,0,44.2157939549736,11.5832935911807,0,42.27809779464,8.40963652045182,0,46.3368784184649,9.2169781829934,0,44.0324056518157,17.1232660700968,0,44.0324056518157,17.1232660700968,0,4,4|2,4|2,64,32,64,COUNT_TRANSITION_OR_ZIPPER,NO,NOT_YET_UNIQUE,PASS_CURRENT_WORKTREE
MESH_L1,2,free_surface,WORST_ASPECT_RATIO,4,175,FS_BASE_EQUAL_COUNT_POLAR_RING,6,15,generate_free_surface_bmf radial weights + elliptic smoothing,0,0,97.802139535734,9.88949642477988,2.41669180312338,12,84.3750000018611,95.6249999996477,5.62499999964771,0,-16.9720084100819,31.7523944213025,0,-11.1932456228298,27.0228853904303,0,-16.4960954255691,39.8250973037077,0,-23.9486186326518,35.8416406589747,0,-16.2500739592769,24.3199543320975,0,4,4|2,4|2,64,32,64,RADIAL_GRADING_OR_FIXED_RING_COUNT,NO,NOT_YET_UNIQUE,PASS_CURRENT_WORKTREE
MESH_L1,2,free_surface,WORST_MINIMUM_ANGLE,4,241,FS_OUTER_TRUNCATION_TRANSITION,NaN,NaN,prepare_horizontal_surface + zipper_annulus,1,1,16.9751924786327,4.12009617346885,2.14785754470073,12,27.6331408123104,85,62.3668591876896,0,-11.5832935911807,44.2157939549736,0,-8.40963652045181,42.27809779464,0,-9.21697818299339,46.3368784184649,0,-17.1232660700968,44.0324056518157,0,-17.1232660700968,44.0324056518157,0,4,4|2,4|2,64,32,64,COUNT_TRANSITION_OR_ZIPPER,NO,NOT_YET_UNIQUE,PASS_CURRENT_WORKTREE
MESH_L1,2,free_surface,WORST_ASPECT_RATIO,5,186,FS_BASE_EQUAL_COUNT_POLAR_RING,6,26,generate_free_surface_bmf radial weights + elliptic smoothing,0,0,97.802139535734,9.88949642477988,2.41669180312338,12,84.375000001861,95.6249999996478,5.62499999964776,0,-16.9720084100819,-31.7523944213026,0,-16.2500739592769,-24.3199543320975,0,-23.9486186326518,-35.8416406589747,0,-16.4960954255691,-39.8250973037077,0,-11.1932456228298,-27.0228853904303,0,4,4|2,4|2,64,32,64,RADIAL_GRADING_OR_FIXED_RING_COUNT,NO,NOT_YET_UNIQUE,PASS_CURRENT_WORKTREE
MESH_L1,2,free_surface,WORST_MINIMUM_ANGLE,5,275,FS_OUTER_TRUNCATION_TRANSITION,NaN,NaN,prepare_horizontal_surface + zipper_annulus,1,1,16.6319539719519,4.07822926917454,2.11905664707696,12,28.0637295679218,85.5000000000001,61.9362704320782,0,12.3419399416634,-48.313197733668,0,9.2169781829934,-46.3368784184649,0,10.024319845535,-50.3956590422899,0,17.7845217964618,-48.2070557402492,0,17.7845217964618,-48.2070557402492,0,4,4|2,4|2,64,32,64,COUNT_TRANSITION_OR_ZIPPER,NO,NOT_YET_UNIQUE,PASS_CURRENT_WORKTREE
MESH_L1,2,bottom,WORST_ASPECT_RATIO,1,416,BOTTOM_OUTER_TRUNCATION_TRANSITION,NaN,NaN,prepare_horizontal_surface + zipper_annulus,0,0,22.4098745347447,4.73390689967015,3.13654849047756,12,75.2017101609785,104.173289839145,14.7982898390215,0,44.0236438075723,4.58600211738241,-50,43.1063746972448,-4.78576896970004e-15,-50,45.7896238315993,0.999133146097791,-50,44.920478906805,8.93523880298005,-50,42.27809779464,8.40963652045182,-50,4,4|2,4|2,64,32,64,COUNT_TRANSITION_OR_ZIPPER,NO,NOT_YET_UNIQUE,PASS_CURRENT_WORKTREE
MESH_L1,2,bottom,WORST_MINIMUM_ANGLE,1,385,BOTTOM_OUTER_TRUNCATION_TRANSITION,NaN,NaN,prepare_horizontal_surface + zipper_annulus,1,1,10.7135201241056,3.27315140561899,3.04377764650422,12,19.1043063146103,85.0000000000002,70.8956936853897,0,-43.2950082209106,-11.3149090245715,-50,-42.27809779464,-8.40963652045181,-50,-44.920478906805,-8.93523880298006,-50,-42.6864479612866,-16.5998517502828,-50,-42.6864479612866,-16.5998517502828,-50,4,4|2,4|2,64,32,64,COUNT_TRANSITION_OR_ZIPPER,NO,NOT_YET_UNIQUE,PASS_CURRENT_WORKTREE
MESH_L1,2,bottom,WORST_ASPECT_RATIO,2,432,BOTTOM_OUTER_TRUNCATION_TRANSITION,NaN,NaN,prepare_horizontal_surface + zipper_annulus,0,0,22.4098745347446,4.73390689967015,3.13654849047756,12,75.2017101609782,104.173289839145,14.7982898390218,0,-4.58600211738242,44.0236438075723,-50,2.63950418979136e-15,43.1063746972448,-50,-0.999133146097808,45.7896238315993,-50,-8.93523880298005,44.920478906805,-50,-8.40963652045181,42.27809779464,-50,4,4|2,4|2,64,32,64,COUNT_TRANSITION_OR_ZIPPER,NO,NOT_YET_UNIQUE,PASS_CURRENT_WORKTREE
MESH_L1,2,bottom,WORST_MINIMUM_ANGLE,2,401,BOTTOM_OUTER_TRUNCATION_TRANSITION,NaN,NaN,prepare_horizontal_surface + zipper_annulus,1,1,10.7135201241056,3.273151405619,3.04377764650423,12,19.1043063146103,85.0000000000002,70.8956936853897,0,11.3149090245715,-43.2950082209106,-50,8.40963652045181,-42.27809779464,-50,8.93523880298006,-44.920478906805,-50,16.5998517502828,-42.6864479612866,-50,16.5998517502828,-42.6864479612866,-50,4,4|2,4|2,64,32,64,COUNT_TRANSITION_OR_ZIPPER,NO,NOT_YET_UNIQUE,PASS_CURRENT_WORKTREE
MESH_L1,2,bottom,WORST_ASPECT_RATIO,3,448,BOTTOM_OUTER_TRUNCATION_TRANSITION,NaN,NaN,prepare_horizontal_surface + zipper_annulus,0,0,22.4098745347447,4.73390689967015,3.13654849047756,12,75.2017101609782,104.173289839145,14.7982898390218,0,-44.0236438075723,-4.58600211738242,-50,-43.1063746972448,5.27900837958272e-15,-50,-45.7896238315993,-0.999133146097805,-50,-44.920478906805,-8.93523880298006,-50,-42.27809779464,-8.40963652045181,-50,4,4|2,4|2,64,32,64,COUNT_TRANSITION_OR_ZIPPER,NO,NOT_YET_UNIQUE,PASS_CURRENT_WORKTREE
MESH_L1,2,bottom,WORST_MINIMUM_ANGLE,3,417,BOTTOM_OUTER_TRUNCATION_TRANSITION,NaN,NaN,prepare_horizontal_surface + zipper_annulus,1,1,10.7135201241056,3.27315140561899,3.04377764650422,12,19.1043063146103,85,70.8956936853897,0,43.2950082209106,11.3149090245715,-50,42.27809779464,8.40963652045182,-50,44.920478906805,8.93523880298005,-50,42.6864479612866,16.5998517502827,-50,42.6864479612866,16.5998517502827,-50,4,4|2,4|2,64,32,64,COUNT_TRANSITION_OR_ZIPPER,NO,NOT_YET_UNIQUE,PASS_CURRENT_WORKTREE
MESH_L1,2,bottom,WORST_ASPECT_RATIO,4,400,BOTTOM_OUTER_TRUNCATION_TRANSITION,NaN,NaN,prepare_horizontal_surface + zipper_annulus,0,0,22.4098745347447,4.73390689967015,3.13654849047756,12,75.2017101609782,104.173289839145,14.7982898390218,0,4.58600211738242,-44.0236438075723,-50,-7.91851256937409e-15,-43.1063746972448,-50,0.999133146097804,-45.7896238315993,-50,8.93523880298006,-44.920478906805,-50,8.40963652045181,-42.27809779464,-50,4,4|2,4|2,64,32,64,COUNT_TRANSITION_OR_ZIPPER,NO,NOT_YET_UNIQUE,PASS_CURRENT_WORKTREE
MESH_L1,2,bottom,WORST_MINIMUM_ANGLE,4,433,BOTTOM_OUTER_TRUNCATION_TRANSITION,NaN,NaN,prepare_horizontal_surface + zipper_annulus,1,1,10.7135201241056,3.27315140561899,3.04377764650422,12,19.1043063146103,85,70.8956936853897,0,-11.3149090245715,43.2950082209106,-50,-8.40963652045181,42.27809779464,-50,-8.93523880298005,44.920478906805,-50,-16.5998517502827,42.6864479612866,-50,-16.5998517502827,42.6864479612866,-50,4,4|2,4|2,64,32,64,COUNT_TRANSITION_OR_ZIPPER,NO,NOT_YET_UNIQUE,PASS_CURRENT_WORKTREE
MESH_L1,2,bottom,WORST_ASPECT_RATIO,5,401,BOTTOM_OUTER_TRUNCATION_TRANSITION,NaN,NaN,prepare_horizontal_surface + zipper_annulus,1,1,10.7135201241056,3.273151405619,3.04377764650423,12,19.1043063146103,85.0000000000002,70.8956936853897,0,11.3149090245715,-43.2950082209106,-50,8.40963652045181,-42.27809779464,-50,8.93523880298006,-44.920478906805,-50,16.5998517502828,-42.6864479612866,-50,16.5998517502828,-42.6864479612866,-50,4,4|2,4|2,64,32,64,COUNT_TRANSITION_OR_ZIPPER,NO,NOT_YET_UNIQUE,PASS_CURRENT_WORKTREE
MESH_L1,2,bottom,WORST_MINIMUM_ANGLE,5,402,BOTTOM_OUTER_TRUNCATION_TRANSITION,NaN,NaN,prepare_horizontal_surface + zipper_annulus,1,1,11.6963544105513,3.41999333486943,2.95132545585456,12,19.729306314454,85.0689835235965,70.270693685546,0,13.8351945654345,-41.5965476865448,-50,8.40963652045181,-42.27809779464,-50,16.5998517502828,-42.6864479612866,-50,16.4960954255691,-39.8250973037077,-50,16.4960954255691,-39.8250973037077,-50,4,4|2,4|2,64,32,64,COUNT_TRANSITION_OR_ZIPPER,NO,NOT_YET_UNIQUE,PASS_CURRENT_WORKTREE
MESH_L1,2,farfield,WORST_ASPECT_RATIO,1,134,FARFIELD_STRUCTURED_WALL,NaN,NaN,build_frustum_wall equal-count rings,0,0,111.76849968211,10.5720622246613,2.69578473996681,12,89.3670577858824,90.6329422141176,0.632942214117577,0,-49.2768720571629,-44.6619534867429,-41.6666666666667,-52.9594289015461,-43.4626800735167,-33.3333333333333,-48.4443271642362,-48.4443271638201,-33.3333333333333,-45.7212147913813,-45.7212147909886,-50,-49.9825173714879,-41.019591918646,-50,4,4|2,4|2,64,32,64,FIVE_BLOCK_CORE_MAPPING_OR_ROUNDING,NO,NOT_YET_UNIQUE,PASS_CURRENT_WORKTREE
MESH_L1,2,farfield,WORST_MINIMUM_ANGLE,1,1,FARFIELD_STRUCTURED_WALL,NaN,NaN,build_frustum_wall equal-count rings,0,0,124.697143347677,11.1667875124261,2.4088473889338,12,89.3670577858824,90.6329422141176,0.632942214117591,0,-71.9741227995308,-18.0285792321618,-8.33333333333333,-74.7483427852394,-14.8683698207845,0,-72.9310539927325,-22.1233933603415,0,-69.2458169993384,-21.0054889401056,-16.6666666666667,-70.9712774208129,-14.1170648074156,-16.6666666666667,4,4|2,4|2,64,32,64,FIVE_BLOCK_CORE_MAPPING_OR_ROUNDING,NO,NOT_YET_UNIQUE,PASS_CURRENT_WORKTREE
MESH_L1,2,farfield,WORST_ASPECT_RATIO,2,169,FARFIELD_STRUCTURED_WALL,NaN,NaN,build_frustum_wall equal-count rings,0,0,111.76849968211,10.5720622246613,2.69578473996681,12,89.3670577858824,90.6329422141176,0.632942214117577,0,34.1903457367616,57.043145665283,-41.6666666666667,38.0624636154769,56.9645023876386,-33.3333333333333,32.295684825306,60.4209765761469,-33.3333333333333,30.4803065532648,57.0246427115712,-50,35.9229279529987,53.7624609857753,-50,4,4|2,4|2,64,32,64,FIVE_BLOCK_CORE_MAPPING_OR_ROUNDING,NO,NOT_YET_UNIQUE,PASS_CURRENT_WORKTREE
MESH_L1,2,farfield,WORST_MINIMUM_ANGLE,2,42,FARFIELD_STRUCTURED_WALL,NaN,NaN,build_frustum_wall equal-count rings,0,0,124.697143347677,11.1667875124262,2.40884738893379,12,89.3670577858824,90.6329422141176,0.632942214117591,0,31.7236199318525,67.0739588835462,-8.33333333333333,35.9264413693885,67.2136443052982,0,29.165356528566,70.4113992818556,0,27.6916187321082,66.8534815063084,-16.6666666666667,34.1110630973473,63.8173104407225,-16.6666666666667,4,4|2,4|2,64,32,64,FIVE_BLOCK_CORE_MAPPING_OR_ROUNDING,NO,NOT_YET_UNIQUE,PASS_CURRENT_WORKTREE
MESH_L1,2,farfield,WORST_ASPECT_RATIO,3,181,FARFIELD_STRUCTURED_WALL,NaN,NaN,build_frustum_wall equal-count rings,0,0,111.76849968211,10.5720622246613,2.69578473996681,12,89.3670577858824,90.6329422141176,0.632942214117563,0,-39.6169158899219,53.4172274117708,-41.6666666666667,-38.0624636149877,56.9645023879655,-33.3333333333333,-43.4626800735167,52.9594289015462,-33.3333333333333,-41.019591918646,49.9825173714879,-50,-35.922927952537,53.7624609860838,-50,4,4|2,4|2,64,32,64,FIVE_BLOCK_CORE_MAPPING_OR_ROUNDING,NO,NOT_YET_UNIQUE,PASS_CURRENT_WORKTREE
MESH_L1,2,farfield,WORST_MINIMUM_ANGLE,3,60,FARFIELD_STRUCTURED_WALL,NaN,NaN,build_frustum_wall equal-count rings,0,0,124.697143347676,11.1667875124261,2.40884738893381,12,89.3670577858824,90.6329422141176,0.632942214117591,0,-71.974122799376,18.0285792327799,-8.33333333333333,-72.9310539925425,22.1233933609678,0,-74.7483427851117,14.8683698214265,0,-70.9712774206917,14.1170648080251,-16.6666666666667,-69.245816999158,21.0054889407003,-16.6666666666667,4,4|2,4|2,64,32,64,FIVE_BLOCK_CORE_MAPPING_OR_ROUNDING,NO,NOT_YET_UNIQUE,PASS_CURRENT_WORKTREE
MESH_L1,2,farfield,WORST_ASPECT_RATIO,4,131,FARFIELD_STRUCTURED_WALL,NaN,NaN,build_frustum_wall equal-count rings,0,0,111.76849968211,10.5720622246613,2.6957847399668,12,89.3670577858824,90.6329422141176,0.632942214117577,0,-60.1197072436675,-28.4345038628371,-41.6666666666667,-63.2955637309864,-26.2178809351067,-33.3333333333333,-60.4209765764242,-32.2956848247871,-33.3333333333333,-57.0246427118329,-30.480306552775,-50,-59.7376459554265,-24.7441431386794,-50,4,4|2,4|2,64,32,64,FIVE_BLOCK_CORE_MAPPING_OR_ROUNDING,NO,NOT_YET_UNIQUE,PASS_CURRENT_WORKTREE
MESH_L1,2,farfield,WORST_MINIMUM_ANGLE,4,74,FARFIELD_STRUCTURED_WALL,NaN,NaN,build_frustum_wall equal-count rings,0,0,118.232821514893,10.8734916891904,2.54425152215433,12,89.3670577858824,90.6329422141176,0.632942214117591,0,-30.0790618976029,-63.5968330634848,-25,-34.1110630973473,-63.8173104407226,-16.6666666666667,-27.6916187321082,-66.8534815063084,-16.6666666666667,-26.2178809356503,-63.2955637307612,-33.3333333333333,-32.295684825306,-60.4209765761469,-33.3333333333333,4,4|2,4|2,64,32,64,FIVE_BLOCK_CORE_MAPPING_OR_ROUNDING,NO,NOT_YET_UNIQUE,PASS_CURRENT_WORKTREE
MESH_L1,2,farfield,WORST_ASPECT_RATIO,5,163,FARFIELD_STRUCTURED_WALL,NaN,NaN,build_frustum_wall equal-count rings,0,0,111.76849968211,10.5720622246613,2.6957847399668,12,89.3670577858824,90.6329422141176,0.632942214117577,0,60.1197072436675,28.4345038628371,-41.6666666666667,63.2955637309864,26.2178809351067,-33.3333333333333,60.4209765764242,32.2956848247871,-33.3333333333333,57.024642711833,30.480306552775,-50,59.7376459554265,24.7441431386794,-50,4,4|2,4|2,64,32,64,FIVE_BLOCK_CORE_MAPPING_OR_ROUNDING,NO,NOT_YET_UNIQUE,PASS_CURRENT_WORKTREE
MESH_L1,2,farfield,WORST_MINIMUM_ANGLE,5,83,FARFIELD_STRUCTURED_WALL,NaN,NaN,build_frustum_wall equal-count rings,0,0,118.232821514893,10.8734916891904,2.54425152215433,12,89.3670577858824,90.6329422141176,0.632942214117591,8.53773646251594e-07,30.0790618970568,-63.5968330637431,-25,27.691618731534,-66.8534815065462,-16.6666666666667,34.1110630967992,-63.8173104410155,-16.6666666666667,32.2956848247871,-60.4209765764242,-33.3333333333333,26.2178809351067,-63.2955637309864,-33.3333333333333,4,4|2,4|2,64,32,64,FIVE_BLOCK_CORE_MAPPING_OR_ROUNDING,NO,NOT_YET_UNIQUE,PASS_CURRENT_WORKTREE
MESH_L2,2,body,WORST_ASPECT_RATIO,1,5,BODY_SURFACE,NaN,NaN,not-applicable,0,0,0.466784818516517,0.683216523890133,1.40768945026193,4,84.4642039028947,96.069834694934,6.06983469493402,0.559990931951395,-0.297994317625,-3.225780079,-3.77661679375,-0.556494431,-3.513567557,-3.513567557,-0.6354828395,-2.915092592,-4.01228074,0,-2.938926261,-4.045084972,0,-3.535533906,-3.535533906,5,5|3,5|3,80,40,80,NOT_CLASSIFIED,NO,NOT_YET_UNIQUE,PASS_CURRENT_WORKTREE
MESH_L2,2,body,WORST_MINIMUM_ANGLE,1,1,BODY_SURFACE,NaN,NaN,not-applicable,0,0,0.474928140719699,0.689150303431478,1.05616081063259,4,65.2486095720126,119.509489350002,29.5094893500022,4.13971350443699,-2.7125107555,-2.7125107555,-3.1659089635,-2.886751346,-2.886751346,-2.886751346,-3.144800848,-2.284831558,-3.144800848,-2.53365927,-2.53365927,-3.487282812,-2.284831558,-3.144800848,-3.144800848,5,5|3,5|3,80,40,80,NOT_CLASSIFIED,NO,NOT_YET_UNIQUE,PASS_CURRENT_WORKTREE
MESH_L2,2,body,WORST_ASPECT_RATIO,2,6,BODY_SURFACE,NaN,NaN,not-applicable,0,0,0.466784818516517,0.683216523890133,1.40768945026193,4,84.4642039028947,96.069834694934,6.06983469493402,0.588294830796449,0.297994317625,-3.225780079,-3.77661679375,0,-3.535533906,-3.535533906,0,-2.938926261,-4.045084972,0.6354828395,-2.915092592,-4.01228074,0.556494431,-3.513567557,-3.513567557,5,5|3,5|3,80,40,80,NOT_CLASSIFIED,NO,NOT_YET_UNIQUE,PASS_CURRENT_WORKTREE
MESH_L2,2,body,WORST_MINIMUM_ANGLE,2,10,BODY_SURFACE,NaN,NaN,not-applicable,0,0,0.474928140719699,0.689150303431478,1.05616081063259,4,65.2486095720126,119.509489350002,29.5094893500022,6.49915624280425,2.7125107555,-2.7125107555,-3.1659089635,2.284831558,-3.144800848,-3.144800848,2.53365927,-2.53365927,-3.487282812,3.144800848,-2.284831558,-3.144800848,2.886751346,-2.886751346,-2.886751346,5,5|3,5|3,80,40,80,NOT_CLASSIFIED,NO,NOT_YET_UNIQUE,PASS_CURRENT_WORKTREE
MESH_L2,2,body,WORST_ASPECT_RATIO,3,41,BODY_SURFACE,NaN,NaN,not-applicable,0,0,0.466784818516517,0.683216523890133,1.40768945026193,4,84.4642039028947,96.069834694934,6.06983469493402,0.559990931951395,-3.225780079,-0.297994317625,-3.77661679375,-3.513567557,-0.556494431,-3.513567557,-3.535533906,0,-3.535533906,-2.938926261,0,-4.045084972,-2.915092592,-0.6354828395,-4.01228074,5,5|3,5|3,80,40,80,NOT_CLASSIFIED,NO,NOT_YET_UNIQUE,PASS_CURRENT_WORKTREE
MESH_L2,2,body,WORST_MINIMUM_ANGLE,3,91,BODY_SURFACE,NaN,NaN,not-applicable,0,0,0.474928140719699,0.689150303431478,1.05616081063259,4,65.2486095720126,119.509489350002,29.5094893500022,6.49915624280425,-2.7125107555,2.7125107555,-3.1659089635,-3.144800848,2.284831558,-3.144800848,-2.886751346,2.886751346,-2.886751346,-2.284831558,3.144800848,-3.144800848,-2.53365927,2.53365927,-3.487282812,5,5|3,5|3,80,40,80,NOT_CLASSIFIED,NO,NOT_YET_UNIQUE,PASS_CURRENT_WORKTREE
MESH_L2,2,body,WORST_ASPECT_RATIO,4,50,BODY_SURFACE,NaN,NaN,not-applicable,0,0,0.466784818516517,0.683216523890133,1.40768945026193,4,84.4642039028947,96.069834694934,6.06983469493402,0.588294830796449,3.225780079,-0.297994317625,-3.77661679375,2.915092592,-0.6354828395,-4.01228074,2.938926261,0,-4.045084972,3.535533906,0,-3.535533906,3.513567557,-0.556494431,-3.513567557,5,5|3,5|3,80,40,80,NOT_CLASSIFIED,NO,NOT_YET_UNIQUE,PASS_CURRENT_WORKTREE
MESH_L2,2,body,WORST_MINIMUM_ANGLE,4,100,BODY_SURFACE,NaN,NaN,not-applicable,0,0,0.474928140719699,0.689150303431478,1.05616081063259,4,65.2486095720126,119.509489350002,29.5094893500022,4.13971350443699,2.7125107555,2.7125107555,-3.1659089635,2.53365927,2.53365927,-3.487282812,2.284831558,3.144800848,-3.144800848,2.886751346,2.886751346,-2.886751346,3.144800848,2.284831558,-3.144800848,5,5|3,5|3,80,40,80,NOT_CLASSIFIED,NO,NOT_YET_UNIQUE,PASS_CURRENT_WORKTREE
MESH_L2,2,body,WORST_ASPECT_RATIO,5,51,BODY_SURFACE,NaN,NaN,not-applicable,0,0,0.466784818516517,0.683216523890133,1.40768945026193,4,84.4642039028947,96.069834694934,6.06983469493402,0.588294830796449,-3.225780079,0.297994317625,-3.77661679375,-3.535533906,0,-3.535533906,-3.513567557,0.556494431,-3.513567557,-2.915092592,0.6354828395,-4.01228074,-2.938926261,0,-4.045084972,5,5|3,5|3,80,40,80,NOT_CLASSIFIED,NO,NOT_YET_UNIQUE,PASS_CURRENT_WORKTREE
MESH_L2,2,body,WORST_MINIMUM_ANGLE,5,201,BODY_SURFACE,NaN,NaN,not-applicable,0,0,0.474928140719699,0.689150303431478,1.05616081063259,4,65.2486095720126,119.509489350002,29.5094893500022,4.13971350443699,-2.7125107555,3.1659089635,-2.7125107555,-2.886751346,2.886751346,-2.886751346,-3.144800848,3.144800848,-2.284831558,-2.53365927,3.487282812,-2.53365927,-2.284831558,3.144800848,-3.144800848,5,5|3,5|3,80,40,80,NOT_CLASSIFIED,NO,NOT_YET_UNIQUE,PASS_CURRENT_WORKTREE
MESH_L2,2,free_surface,WORST_ASPECT_RATIO,1,321,FS_OUTER_TRUNCATION_TRANSITION,NaN,NaN,prepare_horizontal_surface + zipper_annulus,1,1,10.9347534625371,3.30677387532578,2.17170621298505,12,27.3415742842471,85.909090909091,62.6584257157529,0,-44.2555754038482,-9.23878523374917,0,-42.5756636937843,-6.74332266564776,0,-45.8455417225678,-7.26122046717092,0,-44.3455207951925,-13.7118125684288,0,-44.3455207951925,-13.7118125684288,0,5,5|3,5|3,80,40,80,COUNT_TRANSITION_OR_ZIPPER,NO,NOT_YET_UNIQUE,PASS_CURRENT_WORKTREE
MESH_L2,2,free_surface,WORST_MINIMUM_ANGLE,1,321,FS_OUTER_TRUNCATION_TRANSITION,NaN,NaN,prepare_horizontal_surface + zipper_annulus,1,1,10.9347534625371,3.30677387532578,2.17170621298505,12,27.3415742842471,85.909090909091,62.6584257157529,0,-44.2555754038482,-9.23878523374917,0,-42.5756636937843,-6.74332266564776,0,-45.8455417225678,-7.26122046717092,0,-44.3455207951925,-13.7118125684288,0,-44.3455207951925,-13.7118125684288,0,5,5|3,5|3,80,40,80,COUNT_TRANSITION_OR_ZIPPER,NO,NOT_YET_UNIQUE,PASS_CURRENT_WORKTREE
MESH_L2,2,free_surface,WORST_ASPECT_RATIO,2,341,FS_OUTER_TRUNCATION_TRANSITION,NaN,NaN,prepare_horizontal_surface + zipper_annulus,1,1,10.9347534625371,3.30677387532578,2.17170621298505,12,27.3415742842471,85.909090909091,62.6584257157529,0,9.23878523374917,-44.2555754038482,0,6.74332266564776,-42.5756636937843,0,7.26122046717091,-45.8455417225678,0,13.7118125684288,-44.3455207951925,0,13.7118125684288,-44.3455207951925,0,5,5|3,5|3,80,40,80,COUNT_TRANSITION_OR_ZIPPER,NO,NOT_YET_UNIQUE,PASS_CURRENT_WORKTREE
MESH_L2,2,free_surface,WORST_MINIMUM_ANGLE,2,341,FS_OUTER_TRUNCATION_TRANSITION,NaN,NaN,prepare_horizontal_surface + zipper_annulus,1,1,10.9347534625371,3.30677387532578,2.17170621298505,12,27.3415742842471,85.909090909091,62.6584257157529,0,9.23878523374917,-44.2555754038482,0,6.74332266564776,-42.5756636937843,0,7.26122046717091,-45.8455417225678,0,13.7118125684288,-44.3455207951925,0,13.7118125684288,-44.3455207951925,0,5,5|3,5|3,80,40,80,COUNT_TRANSITION_OR_ZIPPER,NO,NOT_YET_UNIQUE,PASS_CURRENT_WORKTREE
MESH_L2,2,free_surface,WORST_ASPECT_RATIO,3,361,FS_OUTER_TRUNCATION_TRANSITION,NaN,NaN,prepare_horizontal_surface + zipper_annulus,1,1,10.9347534625371,3.30677387532578,2.17170621298504,12,27.3415742842471,85.9090909090909,62.6584257157529,0,44.2555754038482,9.23878523374917,0,42.5756636937843,6.74332266564777,0,45.8455417225678,7.26122046717091,0,44.3455207951925,13.7118125684288,0,44.3455207951925,13.7118125684288,0,5,5|3,5|3,80,40,80,COUNT_TRANSITION_OR_ZIPPER,NO,NOT_YET_UNIQUE,PASS_CURRENT_WORKTREE
MESH_L2,2,free_surface,WORST_MINIMUM_ANGLE,3,361,FS_OUTER_TRUNCATION_TRANSITION,NaN,NaN,prepare_horizontal_surface + zipper_annulus,1,1,10.9347534625371,3.30677387532578,2.17170621298504,12,27.3415742842471,85.9090909090909,62.6584257157529,0,44.2555754038482,9.23878523374917,0,42.5756636937843,6.74332266564777,0,45.8455417225678,7.26122046717091,0,44.3455207951925,13.7118125684288,0,44.3455207951925,13.7118125684288,0,5,5|3,5|3,80,40,80,COUNT_TRANSITION_OR_ZIPPER,NO,NOT_YET_UNIQUE,PASS_CURRENT_WORKTREE
MESH_L2,2,free_surface,WORST_ASPECT_RATIO,4,381,FS_OUTER_TRUNCATION_TRANSITION,NaN,NaN,prepare_horizontal_surface + zipper_annulus,1,1,10.9347534625371,3.30677387532578,2.17170621298504,12,27.3415742842471,85.9090909090909,62.6584257157529,0,-9.23878523374917,44.2555754038482,0,-6.74332266564777,42.5756636937843,0,-7.26122046717091,45.8455417225678,0,-13.7118125684288,44.3455207951925,0,-13.7118125684288,44.3455207951925,0,5,5|3,5|3,80,40,80,COUNT_TRANSITION_OR_ZIPPER,NO,NOT_YET_UNIQUE,PASS_CURRENT_WORKTREE
MESH_L2,2,free_surface,WORST_MINIMUM_ANGLE,4,381,FS_OUTER_TRUNCATION_TRANSITION,NaN,NaN,prepare_horizontal_surface + zipper_annulus,1,1,10.9347534625371,3.30677387532578,2.17170621298504,12,27.3415742842471,85.9090909090909,62.6584257157529,0,-9.23878523374917,44.2555754038482,0,-6.74332266564777,42.5756636937843,0,-7.26122046717091,45.8455417225678,0,-13.7118125684288,44.3455207951925,0,-13.7118125684288,44.3455207951925,0,5,5|3,5|3,80,40,80,COUNT_TRANSITION_OR_ZIPPER,NO,NOT_YET_UNIQUE,PASS_CURRENT_WORKTREE
MESH_L2,2,free_surface,WORST_ASPECT_RATIO,5,401,FS_OUTER_TRUNCATION_TRANSITION,NaN,NaN,prepare_horizontal_surface + zipper_annulus,1,1,10.744277881476,3.27784653110484,2.14554664877131,12,27.7156436072031,86.25,62.2843563927969,0,-47.5469377713907,-9.72125142960474,0,-45.8455417225678,-7.26122046717092,0,-49.1154197513514,-7.77911826869406,0,-47.679851840253,-14.1234155529493,0,-47.679851840253,-14.1234155529493,0,5,5|3,5|3,80,40,80,COUNT_TRANSITION_OR_ZIPPER,NO,NOT_YET_UNIQUE,PASS_CURRENT_WORKTREE
MESH_L2,2,free_surface,WORST_MINIMUM_ANGLE,5,423,FS_OUTER_TRUNCATION_TRANSITION,NaN,NaN,prepare_horizontal_surface + zipper_annulus,1,1,10.744277881476,3.27784653110484,2.14554664877131,12,27.7156436072031,86.25,62.2843563927969,0,9.72125142960474,-47.5469377713907,0,7.26122046717091,-45.8455417225678,0,7.77911826869405,-49.1154197513514,0,14.1234155529493,-47.679851840253,0,14.1234155529493,-47.679851840253,0,5,5|3,5|3,80,40,80,COUNT_TRANSITION_OR_ZIPPER,NO,NOT_YET_UNIQUE,PASS_CURRENT_WORKTREE
MESH_L2,2,bottom,WORST_ASPECT_RATIO,1,680,BOTTOM_OUTER_TRUNCATION_TRANSITION,NaN,NaN,prepare_horizontal_surface + zipper_annulus,0,0,14.3645947735367,3.79006527299158,3.13836382914215,12,77.7738182755624,101.817090815306,12.2261817244376,0,-3.61753124228753,43.9108909888896,-50,2.17825800685915e-14,43.1063746972448,-50,-0.646313504572215,45.2570786860558,-50,-7.08048879893016,44.7044468784735,-50,-6.74332266564777,42.5756636937843,-50,5,5|3,5|3,80,40,80,COUNT_TRANSITION_OR_ZIPPER,NO,NOT_YET_UNIQUE,PASS_CURRENT_WORKTREE
MESH_L2,2,bottom,WORST_MINIMUM_ANGLE,1,621,BOTTOM_OUTER_TRUNCATION_TRANSITION,NaN,NaN,prepare_horizontal_surface + zipper_annulus,1,1,6.94164645183169,2.6347004482164,3.09030561919311,12,18.8304115215436,85.9090909090911,71.1695884784564,0,-43.5072906738942,-9.0647790747878,-50,-42.5756636937843,-6.74332266564776,-50,-44.7044468784735,-7.08048879893016,-50,-43.2417614494247,-13.3705257597855,-50,-43.2417614494247,-13.3705257597855,-50,5,5|3,5|3,80,40,80,COUNT_TRANSITION_OR_ZIPPER,NO,NOT_YET_UNIQUE,PASS_CURRENT_WORKTREE
MESH_L2,2,bottom,WORST_ASPECT_RATIO,2,660,BOTTOM_OUTER_TRUNCATION_TRANSITION,NaN,NaN,prepare_horizontal_surface + zipper_annulus,0,0,14.3645947735367,3.79006527299157,3.13836382914214,12,77.7738182755629,101.817090815306,12.2261817244371,0,43.9108909888896,3.61753124228754,-50,43.1063746972448,0,-50,45.2570786860558,0.646313504572218,-50,44.7044468784735,7.08048879893016,-50,42.5756636937843,6.74332266564777,-50,5,5|3,5|3,80,40,80,COUNT_TRANSITION_OR_ZIPPER,NO,NOT_YET_UNIQUE,PASS_CURRENT_WORKTREE
MESH_L2,2,bottom,WORST_MINIMUM_ANGLE,2,641,BOTTOM_OUTER_TRUNCATION_TRANSITION,NaN,NaN,prepare_horizontal_surface + zipper_annulus,1,1,6.94164645183169,2.6347004482164,3.09030561919311,12,18.8304115215436,85.9090909090911,71.1695884784564,0,9.0647790747878,-43.5072906738942,-50,6.74332266564776,-42.5756636937843,-50,7.08048879893016,-44.7044468784735,-50,13.3705257597855,-43.2417614494247,-50,13.3705257597855,-43.2417614494247,-50,5,5|3,5|3,80,40,80,COUNT_TRANSITION_OR_ZIPPER,NO,NOT_YET_UNIQUE,PASS_CURRENT_WORKTREE
MESH_L2,2,bottom,WORST_ASPECT_RATIO,3,640,BOTTOM_OUTER_TRUNCATION_TRANSITION,NaN,NaN,prepare_horizontal_surface + zipper_annulus,0,0,14.3645947735367,3.79006527299158,3.13836382914214,12,77.7738182755626,101.817090815306,12.2261817244374,0,3.61753124228753,-43.9108909888896,-50,-7.91851256937409e-15,-43.1063746972448,-50,0.646313504572221,-45.2570786860558,-50,7.08048879893016,-44.7044468784735,-50,6.74332266564776,-42.5756636937843,-50,5,5|3,5|3,80,40,80,COUNT_TRANSITION_OR_ZIPPER,NO,NOT_YET_UNIQUE,PASS_CURRENT_WORKTREE
MESH_L2,2,bottom,WORST_MINIMUM_ANGLE,3,661,BOTTOM_OUTER_TRUNCATION_TRANSITION,NaN,NaN,prepare_horizontal_surface + zipper_annulus,1,1,6.94164645183168,2.6347004482164,3.0903056191931,12,18.8304115215436,85.9090909090909,71.1695884784564,0,43.5072906738942,9.0647790747878,-50,42.5756636937843,6.74332266564777,-50,44.7044468784735,7.08048879893016,-50,43.2417614494247,13.3705257597855,-50,43.2417614494247,13.3705257597855,-50,5,5|3,5|3,80,40,80,COUNT_TRANSITION_OR_ZIPPER,NO,NOT_YET_UNIQUE,PASS_CURRENT_WORKTREE
MESH_L2,2,bottom,WORST_ASPECT_RATIO,4,700,BOTTOM_OUTER_TRUNCATION_TRANSITION,NaN,NaN,prepare_horizontal_surface + zipper_annulus,0,0,14.3645947735367,3.79006527299158,3.13836382914214,12,77.7738182755629,101.817090815305,12.2261817244371,0,-43.9108909888896,-3.61753124228753,-50,-43.1063746972448,5.27900837958272e-15,-50,-45.2570786860558,-0.646313504572212,-50,-44.7044468784735,-7.08048879893016,-50,-42.5756636937843,-6.74332266564776,-50,5,5|3,5|3,80,40,80,COUNT_TRANSITION_OR_ZIPPER,NO,NOT_YET_UNIQUE,PASS_CURRENT_WORKTREE
MESH_L2,2,bottom,WORST_MINIMUM_ANGLE,4,681,BOTTOM_OUTER_TRUNCATION_TRANSITION,NaN,NaN,prepare_horizontal_surface + zipper_annulus,1,1,6.94164645183167,2.6347004482164,3.0903056191931,12,18.8304115215436,85.9090909090909,71.1695884784564,0,-9.0647790747878,43.5072906738942,-50,-6.74332266564777,42.5756636937843,-50,-7.08048879893016,44.7044468784735,-50,-13.3705257597855,43.2417614494247,-50,-13.3705257597855,43.2417614494247,-50,5,5|3,5|3,80,40,80,COUNT_TRANSITION_OR_ZIPPER,NO,NOT_YET_UNIQUE,PASS_CURRENT_WORKTREE
MESH_L2,2,bottom,WORST_ASPECT_RATIO,5,621,BOTTOM_OUTER_TRUNCATION_TRANSITION,NaN,NaN,prepare_horizontal_surface + zipper_annulus,1,1,6.94164645183169,2.6347004482164,3.09030561919311,12,18.8304115215436,85.9090909090911,71.1695884784564,0,-43.5072906738942,-9.0647790747878,-50,-42.5756636937843,-6.74332266564776,-50,-44.7044468784735,-7.08048879893016,-50,-43.2417614494247,-13.3705257597855,-50,-43.2417614494247,-13.3705257597855,-50,5,5|3,5|3,80,40,80,COUNT_TRANSITION_OR_ZIPPER,NO,NOT_YET_UNIQUE,PASS_CURRENT_WORKTREE
MESH_L2,2,bottom,WORST_MINIMUM_ANGLE,5,622,BOTTOM_OUTER_TRUNCATION_TRANSITION,NaN,NaN,prepare_horizontal_surface + zipper_annulus,1,1,7.42294832451348,2.72450882261619,3.01203210795215,12,19.2395024320674,82.9866793449444,70.7604975679326,0,-42.271341230733,-11.1448169249616,-50,-42.5756636937843,-6.74332266564776,-50,-43.2417614494247,-13.3705257597855,-50,-40.99659854899,-13.3206023494517,-50,-40.99659854899,-13.3206023494517,-50,5,5|3,5|3,80,40,80,COUNT_TRANSITION_OR_ZIPPER,NO,NOT_YET_UNIQUE,PASS_CURRENT_WORKTREE
MESH_L2,2,farfield,WORST_ASPECT_RATIO,1,291,FARFIELD_STRUCTURED_WALL,NaN,NaN,build_frustum_wall equal-count rings,0,0,66.5873648447805,8.16010813928225,2.52693278967363,12,89.4935767143311,90.5064232856689,0.506423285668902,0,36.6969399863637,54.9208518559505,-43.75,39.7036352752962,54.6473657700626,-37.5,35.293659315933,57.5940174998377,-37.5,33.7845283640491,55.1313396098998,-50,38.0059369901765,52.3106845440019,-50,5,5|3,5|3,80,40,80,FIVE_BLOCK_CORE_MAPPING_OR_ROUNDING,NO,NOT_YET_UNIQUE,PASS_CURRENT_WORKTREE
MESH_L2,2,farfield,WORST_MINIMUM_ANGLE,1,4,FARFIELD_STRUCTURED_WALL,NaN,NaN,build_frustum_wall equal-count rings,0,0,75.3156528905396,8.67845913112112,2.22832031881696,12,89.4935767143311,90.5064232856689,0.506423285668944,0,-67.8482456950167,-31.2784696883358,-6.25,-70.4113992819394,-29.1653565283638,0,-67.906056936774,-34.5998641842257,0,-65.3325656110777,-33.2886048597256,-12.5,-67.7429609502758,-28.0600531810281,-12.5,5,5|3,5|3,80,40,80,FIVE_BLOCK_CORE_MAPPING_OR_ROUNDING,NO,NOT_YET_UNIQUE,PASS_CURRENT_WORKTREE
MESH_L2,2,farfield,WORST_ASPECT_RATIO,2,295,FARFIELD_STRUCTURED_WALL,NaN,NaN,build_frustum_wall equal-count rings,0,0,66.5873648447805,8.16010813928226,2.52693278967363,12,89.4935767143311,90.5064232856689,0.50642328566893,1.20741826972573e-06,17.9293873330858,63.5728121354264,-43.75,20.8734363284034,64.2418313525139,-37.5,15.7687344945412,65.6815061651407,-37.5,15.0944749884716,62.8730131995099,-50,19.9809035209269,61.4948978245412,-50,5,5|3,5|3,80,40,80,FIVE_BLOCK_CORE_MAPPING_OR_ROUNDING,NO,NOT_YET_UNIQUE,PASS_CURRENT_WORKTREE
MESH_L2,2,farfield,WORST_MINIMUM_ANGLE,2,16,FARFIELD_STRUCTURED_WALL,NaN,NaN,build_frustum_wall equal-count rings,0,0,75.3156528905397,8.67845913112113,2.22832031881696,12,89.4935767143311,90.5064232856689,0.506423285668944,8.53773646251594e-07,-14.5753846775418,-73.2754070028763,-6.25,-17.7915130127502,-74.1069850620332,0,-11.9223006806651,-75.2744439816534,0,-11.4704715100713,-72.4217068714164,-12.5,-17.1172535066805,-71.2984920964024,-12.5,5,5|3,5|3,80,40,80,FIVE_BLOCK_CORE_MAPPING_OR_ROUNDING,NO,NOT_YET_UNIQUE,PASS_CURRENT_WORKTREE
MESH_L2,2,farfield,WORST_ASPECT_RATIO,3,306,FARFIELD_STRUCTURED_WALL,NaN,NaN,build_frustum_wall equal-count rings,0,0,66.5873648447805,8.16010813928225,2.52693278967363,12,89.4935767143311,90.5064232856689,0.506423285668916,1.20741826972573e-06,-36.6969399865199,54.9208518558462,-43.75,-35.2936593160968,57.5940174997373,-37.5,-39.7036352754516,54.6473657699497,-37.5,-38.0059369903252,52.3106845438938,-50,-33.7845283642058,55.1313396098037,-50,5,5|3,5|3,80,40,80,FIVE_BLOCK_CORE_MAPPING_OR_ROUNDING,NO,NOT_YET_UNIQUE,PASS_CURRENT_WORKTREE
MESH_L2,2,farfield,WORST_MINIMUM_ANGLE,3,23,FARFIELD_STRUCTURED_WALL,NaN,NaN,build_frustum_wall equal-count rings,0,0,75.3156528905396,8.67845913112112,2.22832031881696,12,89.4935767143311,90.5064232856689,0.506423285668944,0,25.8587366009965,-70.0931726442439,-6.25,23.5510347510393,-72.4826319363653,0,29.1653565283638,-70.4113992819394,0,28.0600531810281,-67.7429609502758,-12.5,22.6585019435549,-69.7356984083951,-12.5,5,5|3,5|3,80,40,80,FIVE_BLOCK_CORE_MAPPING_OR_ROUNDING,NO,NOT_YET_UNIQUE,PASS_CURRENT_WORKTREE
MESH_L2,2,farfield,WORST_ASPECT_RATIO,4,315,FARFIELD_STRUCTURED_WALL,NaN,NaN,build_frustum_wall equal-count rings,0,0,66.5873648447805,8.16010813928225,2.52693278967363,12,89.4935767143311,90.5064232856689,0.506423285668916,0,-63.5728121354264,17.9293873330858,-43.75,-64.2418313525139,20.8734363284034,-37.5,-65.6815061651407,15.7687344945412,-37.5,-62.8730131995099,15.0944749884716,-50,-61.4948978245412,19.9809035209269,-50,5,5|3,5|3,80,40,80,FIVE_BLOCK_CORE_MAPPING_OR_ROUNDING,NO,NOT_YET_UNIQUE,PASS_CURRENT_WORKTREE
MESH_L2,2,farfield,WORST_MINIMUM_ANGLE,4,72,FARFIELD_STRUCTURED_WALL,NaN,NaN,build_frustum_wall equal-count rings,0,0,75.3156528905402,8.67845913112115,2.22832031881695,12,89.4935767143311,90.5064232856689,0.506423285668944,0,-65.1850117493524,36.5053606087145,-6.25,-64.9820511696514,39.8210521715847,0,-67.9060569368724,34.5998641840326,0,-65.3325656111723,33.2886048595398,-12.5,-62.5193732797135,38.3119212197008,-12.5,5,5|3,5|3,80,40,80,FIVE_BLOCK_CORE_MAPPING_OR_ROUNDING,NO,NOT_YET_UNIQUE,PASS_CURRENT_WORKTREE
MESH_L2,2,farfield,WORST_ASPECT_RATIO,5,298,FARFIELD_STRUCTURED_WALL,NaN,NaN,build_frustum_wall equal-count rings,0,0,66.5873648447805,8.16010813928226,2.52693278967363,12,89.4935767143311,90.5064232856689,0.506423285668902,0,2.59321867355395,66.0018226252667,-43.75,5.29974392621826,67.3396313770522,-37.5,-9.60471393280587e-11,67.5478588830227,-37.5,-9.19402341895925e-11,64.6595620458671,-50,5.07313076818553,64.4602381951248,-50,5,5|3,5|3,80,40,80,FIVE_BLOCK_CORE_MAPPING_OR_ROUNDING,NO,NOT_YET_UNIQUE,PASS_CURRENT_WORKTREE
MESH_L2,2,farfield,WORST_MINIMUM_ANGLE,5,95,FARFIELD_STRUCTURED_WALL,NaN,NaN,build_frustum_wall equal-count rings,0,0,72.4062235419535,8.50918465788312,2.31969456352414,12,89.4935767143311,90.5064232856689,0.506423285668944,0,-19.496179646632,-69.12823862903,-18.75,-22.6585019433566,-69.7356984084595,-12.5,-17.1172535066805,-71.2984920964024,-12.5,-16.4429940006108,-68.4899991307716,-25,-21.76596913588,-66.9887648804867,-25,5,5|3,5|3,80,40,80,FIVE_BLOCK_CORE_MAPPING_OR_ROUNDING,NO,NOT_YET_UNIQUE,PASS_CURRENT_WORKTREE
MESH_L3,2,body,WORST_ASPECT_RATIO,1,7,BODY_SURFACE,NaN,NaN,not-applicable,0,0,0.234131195130669,0.483871052172651,1.41088028264537,4,85.865816333799,94.4022000533058,4.40220005330582,0.293780667706001,-0.20896445775,-3.320693009,-3.7157836875,-0.3971006757,-3.524365975,-3.524365975,-0.4387571553,-3.105423146,-3.894077457,0,-3.117449009,-3.909157412,0,-3.535533906,-3.535533906,7,6|4,6|4,112,56,112,NOT_CLASSIFIED,NO,NOT_YET_UNIQUE,PASS_CURRENT_WORKTREE
MESH_L3,2,body,WORST_MINIMUM_ANGLE,1,1,BODY_SURFACE,NaN,NaN,not-applicable,0,0,0.242288591638871,0.492228190617798,1.03939522271878,4,63.7439059459357,119.742293474689,29.7422934746887,3.110422347816,-2.76692798925,-2.76692798925,-3.09081111625,-2.886751346,-2.886751346,-2.886751346,-3.079642348,-2.45593282,-3.079642348,-2.645385443,-2.645385443,-3.317208423,-2.45593282,-3.079642348,-3.079642348,7,6|4,6|4,112,56,112,NOT_CLASSIFIED,NO,NOT_YET_UNIQUE,PASS_CURRENT_WORKTREE
MESH_L3,2,body,WORST_ASPECT_RATIO,2,8,BODY_SURFACE,NaN,NaN,not-applicable,0,0,0.234131195130669,0.483871052172651,1.41088028264537,4,85.865816333799,94.4022000533058,4.40220005330582,0.304515912829042,0.20896445775,-3.320693009,-3.7157836875,0,-3.535533906,-3.535533906,0,-3.117449009,-3.909157412,0.4387571553,-3.105423146,-3.894077457,0.3971006757,-3.524365975,-3.524365975,7,6|4,6|4,112,56,112,NOT_CLASSIFIED,NO,NOT_YET_UNIQUE,PASS_CURRENT_WORKTREE
MESH_L3,2,body,WORST_MINIMUM_ANGLE,2,14,BODY_SURFACE,NaN,NaN,not-applicable,0,0,0.242288591638871,0.492228190617798,1.03939522271878,4,63.7439059459357,119.742293474689,29.7422934746887,5.01605271391314,2.76692798925,-2.76692798925,-3.09081111625,2.45593282,-3.079642348,-3.079642348,2.645385443,-2.645385443,-3.317208423,3.079642348,-2.45593282,-3.079642348,2.886751346,-2.886751346,-2.886751346,7,6|4,6|4,112,56,112,NOT_CLASSIFIED,NO,NOT_YET_UNIQUE,PASS_CURRENT_WORKTREE
MESH_L3,2,body,WORST_ASPECT_RATIO,3,85,BODY_SURFACE,NaN,NaN,not-applicable,0,0,0.234131195130669,0.483871052172651,1.41088028264537,4,85.865816333799,94.4022000533058,4.40220005330582,0.293780667707241,-3.320693009,-0.20896445775,-3.7157836875,-3.524365975,-0.3971006757,-3.524365975,-3.535533906,0,-3.535533906,-3.117449009,0,-3.909157412,-3.105423146,-0.4387571553,-3.894077457,7,6|4,6|4,112,56,112,NOT_CLASSIFIED,NO,NOT_YET_UNIQUE,PASS_CURRENT_WORKTREE
MESH_L3,2,body,WORST_MINIMUM_ANGLE,3,183,BODY_SURFACE,NaN,NaN,not-applicable,0,0,0.242288591638871,0.492228190617798,1.03939522271878,4,63.7439059459357,119.742293474689,29.7422934746887,5.01605271391314,-2.76692798925,2.76692798925,-3.09081111625,-3.079642348,2.45593282,-3.079642348,-2.886751346,2.886751346,-2.886751346,-2.45593282,3.079642348,-3.079642348,-2.645385443,2.645385443,-3.317208423,7,6|4,6|4,112,56,112,NOT_CLASSIFIED,NO,NOT_YET_UNIQUE,PASS_CURRENT_WORKTREE
MESH_L3,2,body,WORST_ASPECT_RATIO,4,98,BODY_SURFACE,NaN,NaN,not-applicable,0,0,0.234131195130669,0.483871052172651,1.41088028264537,4,85.865816333799,94.4022000533058,4.40220005330582,0.304515912829042,3.320693009,-0.20896445775,-3.7157836875,3.105423146,-0.4387571553,-3.894077457,3.117449009,0,-3.909157412,3.535533906,0,-3.535533906,3.524365975,-0.3971006757,-3.524365975,7,6|4,6|4,112,56,112,NOT_CLASSIFIED,NO,NOT_YET_UNIQUE,PASS_CURRENT_WORKTREE
MESH_L3,2,body,WORST_MINIMUM_ANGLE,4,196,BODY_SURFACE,NaN,NaN,not-applicable,0,0,0.242288591638871,0.492228190617798,1.03939522271878,4,63.7439059459357,119.742293474689,29.7422934746887,3.110422347816,2.76692798925,2.76692798925,-3.09081111625,2.645385443,2.645385443,-3.317208423,2.45593282,3.079642348,-3.079642348,2.886751346,2.886751346,-2.886751346,3.079642348,2.45593282,-3.079642348,7,6|4,6|4,112,56,112,NOT_CLASSIFIED,NO,NOT_YET_UNIQUE,PASS_CURRENT_WORKTREE
MESH_L3,2,body,WORST_ASPECT_RATIO,5,99,BODY_SURFACE,NaN,NaN,not-applicable,0,0,0.234131195130669,0.483871052172651,1.41088028264537,4,85.865816333799,94.4022000533058,4.40220005330582,0.304515912829042,-3.320693009,0.20896445775,-3.7157836875,-3.535533906,0,-3.535533906,-3.524365975,0.3971006757,-3.524365975,-3.105423146,0.4387571553,-3.894077457,-3.117449009,0,-3.909157412,7,6|4,6|4,112,56,112,NOT_CLASSIFIED,NO,NOT_YET_UNIQUE,PASS_CURRENT_WORKTREE
MESH_L3,2,body,WORST_MINIMUM_ANGLE,5,197,BODY_SURFACE,NaN,NaN,not-applicable,0,0,0.242288591638871,0.492228190617798,1.03939522271878,4,63.7439059459357,119.742293474689,29.7422934746887,3.11042234781611,3.09081111625,-2.76692798925,-2.76692798925,2.886751346,-2.886751346,-2.886751346,3.079642348,-2.45593282,-3.079642348,3.317208423,-2.645385443,-2.645385443,3.079642348,-3.079642348,-2.45593282,7,6|4,6|4,112,56,112,NOT_CLASSIFIED,NO,NOT_YET_UNIQUE,PASS_CURRENT_WORKTREE
MESH_L3,2,free_surface,WORST_ASPECT_RATIO,1,335,FS_BASE_EQUAL_COUNT_POLAR_RING,6,55,generate_free_surface_bmf radial weights + elliptic smoothing,0,0,8.35130420755252,2.88986231636604,2.34380180157333,4.5,86.7857142864301,93.214285720406,3.21428572040595,0,10.352715940782,-14.5907876599735,0,8.42598823235663,-13.4098834487801,0,10.6406415319328,-16.934483983544,0,12.4697960371939,-15.6366296493453,0,9.87443796164465,-12.3821535582248,0,7,6|4,6|4,112,56,112,RADIAL_GRADING_OR_FIXED_RING_COUNT,NO,NOT_YET_UNIQUE,PASS_CURRENT_WORKTREE
MESH_L3,2,free_surface,WORST_MINIMUM_ANGLE,1,589,FS_OUTER_TRUNCATION_TRANSITION,NaN,NaN,prepare_horizontal_surface + zipper_annulus,1,1,5.61983767162372,2.37061968093233,2.20007842196564,12,26.9945879986132,87.0000000000016,63.0054120013868,0,6.56797731243901,-44.1420124575625,0,4.82638265970354,-42.8353308608837,0,5.09114965246557,-45.1852029153088,0,9.78639962514791,-44.4055035964951,0,9.78639962514791,-44.4055035964951,0,7,6|4,6|4,112,56,112,COUNT_TRANSITION_OR_ZIPPER,NO,NOT_YET_UNIQUE,PASS_CURRENT_WORKTREE
MESH_L3,2,free_surface,WORST_ASPECT_RATIO,2,334,FS_BASE_EQUAL_COUNT_POLAR_RING,6,54,generate_free_surface_bmf radial weights + elliptic smoothing,0,0,8.3513042140624,2.88986231749237,2.34380180119851,4.5,86.7857142694269,93.2142857366938,3.21428573669384,0,8.65397033981511,-15.6581802661443,0,6.87157681197574,-14.2689762745151,0,8.67767478299528,-18.0193773577382,0,10.6406415319328,-16.934483983544,0,8.42598823235663,-13.4098834487801,0,7,6|4,6|4,112,56,112,RADIAL_GRADING_OR_FIXED_RING_COUNT,NO,NOT_YET_UNIQUE,PASS_CURRENT_WORKTREE
MESH_L3,2,free_surface,WORST_MINIMUM_ANGLE,2,561,FS_OUTER_TRUNCATION_TRANSITION,NaN,NaN,prepare_horizontal_surface + zipper_annulus,1,1,5.61983767162372,2.37061968093233,2.20007842196561,12,26.9945879986135,86.9999999999997,63.0054120013865,0,-44.1420124575625,-6.56797731243904,0,-42.8353308608837,-4.82638265970362,0,-45.1852029153088,-5.09114965246557,0,-44.4055035964951,-9.78639962514792,0,-44.4055035964951,-9.78639962514792,0,7,6|4,6|4,112,56,112,COUNT_TRANSITION_OR_ZIPPER,NO,NOT_YET_UNIQUE,PASS_CURRENT_WORKTREE
MESH_L3,2,free_surface,WORST_ASPECT_RATIO,3,333,FS_BASE_EQUAL_COUNT_POLAR_RING,6,53,generate_free_surface_bmf radial weights + elliptic smoothing,0,0,8.35130421265968,2.88986231724968,2.34380180106864,4.5,86.7857142649733,93.2142857435287,3.21428574352875,0,6.84639604008527,-16.5286621707344,0,5.23075132614342,-14.9486284445601,0,6.60558123922664,-18.8776666061242,0,8.67767478299528,-18.0193773577382,0,6.87157681197574,-14.2689762745151,0,7,6|4,6|4,112,56,112,RADIAL_GRADING_OR_FIXED_RING_COUNT,NO,NOT_YET_UNIQUE,PASS_CURRENT_WORKTREE
MESH_L3,2,free_surface,WORST_MINIMUM_ANGLE,3,617,FS_OUTER_TRUNCATION_TRANSITION,NaN,NaN,prepare_horizontal_surface + zipper_annulus,1,1,5.6198376716237,2.37061968093233,2.2000784219656,12,26.9945879986136,86.9999999999997,63.0054120013864,0,44.1420124575625,6.56797731243903,0,42.8353308608837,4.82638265970362,0,45.1852029153088,5.09114965246556,0,44.4055035964951,9.78639962514789,0,44.4055035964951,9.78639962514789,0,7,6|4,6|4,112,56,112,COUNT_TRANSITION_OR_ZIPPER,NO,NOT_YET_UNIQUE,PASS_CURRENT_WORKTREE
MESH_L3,2,free_surface,WORST_ASPECT_RATIO,4,332,FS_BASE_EQUAL_COUNT_POLAR_RING,6,52,generate_free_surface_bmf radial weights + elliptic smoothing,0,0,8.35130421030349,2.88986231684201,2.34380180103101,4.5,86.7857142716646,93.2142857368833,3.21428573688334,0,4.95272433812122,-17.1912865581749,0,3.52414610743796,-15.4402929385045,0,4.45041867967685,-19.4985582435108,0,6.60558123922664,-18.8776666061242,0,5.23075132614342,-14.9486284445601,0,7,6|4,6|4,112,56,112,RADIAL_GRADING_OR_FIXED_RING_COUNT,NO,NOT_YET_UNIQUE,PASS_CURRENT_WORKTREE
MESH_L3,2,free_surface,WORST_MINIMUM_ANGLE,4,645,FS_OUTER_TRUNCATION_TRANSITION,NaN,NaN,prepare_horizontal_surface + zipper_annulus,1,1,5.61983767162369,2.37061968093233,2.2000784219656,12,26.9945879986136,86.9999999999995,63.0054120013864,0,-6.56797731243903,44.1420124575625,0,-4.82638265970363,42.8353308608837,0,-5.09114965246556,45.1852029153088,0,-9.78639962514789,44.4055035964951,0,-9.78639962514789,44.4055035964951,0,7,6|4,6|4,112,56,112,COUNT_TRANSITION_OR_ZIPPER,NO,NOT_YET_UNIQUE,PASS_CURRENT_WORKTREE
MESH_L3,2,free_surface,WORST_ASPECT_RATIO,5,331,FS_BASE_EQUAL_COUNT_POLAR_RING,6,51,generate_free_surface_bmf radial weights + elliptic smoothing,0,0,8.35130421214455,2.88986231716055,2.34380180087991,4.5,86.7857142655681,93.2142857429513,3.21428574295126,0,2.99676925395153,-17.6377205424906,0,1.77322270659824,-15.7377867900853,0,2.23928952209308,-19.8742441978618,0,4.45041867967685,-19.4985582435108,0,3.52414610743796,-15.4402929385045,0,7,6|4,6|4,112,56,112,RADIAL_GRADING_OR_FIXED_RING_COUNT,NO,NOT_YET_UNIQUE,PASS_CURRENT_WORKTREE
MESH_L3,2,free_surface,WORST_MINIMUM_ANGLE,5,590,FS_OUTER_TRUNCATION_TRANSITION,NaN,NaN,prepare_horizontal_surface + zipper_annulus,1,1,5.74959660805218,2.39783164714543,2.17881730384386,12,27.2088737136458,85.0252368460808,62.7911262863542,0,8.06828434768747,-43.0888141141459,0,4.82638265970354,-42.8353308608837,0,9.78639962514791,-44.4055035964951,0,9.59207075821096,-42.025607885059,0,9.59207075821096,-42.025607885059,0,7,6|4,6|4,112,56,112,COUNT_TRANSITION_OR_ZIPPER,NO,NOT_YET_UNIQUE,PASS_CURRENT_WORKTREE
MESH_L3,2,bottom,WORST_ASPECT_RATIO,1,1177,BOTTOM_OUTER_TRUNCATION_TRANSITION,NaN,NaN,prepare_horizontal_surface + zipper_annulus,1,1,3.59227440947128,1.89532963082185,3.14586107797599,12,18.5083193947276,87.0000000000024,71.4916806052724,0,6.47797610991278,-43.600036681124,-50,4.82638265970354,-42.8353308608837,-50,4.99875346897874,-44.3651641059153,-50,9.60879220105605,-43.5996150765731,-50,9.60879220105605,-43.5996150765731,-50,7,6|4,6|4,112,56,112,COUNT_TRANSITION_OR_ZIPPER,NO,NOT_YET_UNIQUE,PASS_CURRENT_WORKTREE
MESH_L3,2,bottom,WORST_MINIMUM_ANGLE,1,1177,BOTTOM_OUTER_TRUNCATION_TRANSITION,NaN,NaN,prepare_horizontal_surface + zipper_annulus,1,1,3.59227440947128,1.89532963082185,3.14586107797599,12,18.5083193947276,87.0000000000024,71.4916806052724,0,6.47797610991278,-43.600036681124,-50,4.82638265970354,-42.8353308608837,-50,4.99875346897874,-44.3651641059153,-50,9.60879220105605,-43.5996150765731,-50,9.60879220105605,-43.5996150765731,-50,7,6|4,6|4,112,56,112,COUNT_TRANSITION_OR_ZIPPER,NO,NOT_YET_UNIQUE,PASS_CURRENT_WORKTREE
MESH_L3,2,bottom,WORST_ASPECT_RATIO,2,1149,BOTTOM_OUTER_TRUNCATION_TRANSITION,NaN,NaN,prepare_horizontal_surface + zipper_annulus,1,1,3.59227440947127,1.89532963082185,3.14586107797595,12,18.5083193947278,86.9999999999996,71.4916806052722,0,-43.600036681124,-6.47797610991281,-50,-42.8353308608837,-4.82638265970362,-50,-44.3651641059153,-4.99875346897875,-50,-43.5996150765731,-9.60879220105606,-50,-43.5996150765731,-9.60879220105606,-50,7,6|4,6|4,112,56,112,COUNT_TRANSITION_OR_ZIPPER,NO,NOT_YET_UNIQUE,PASS_CURRENT_WORKTREE
MESH_L3,2,bottom,WORST_MINIMUM_ANGLE,2,1149,BOTTOM_OUTER_TRUNCATION_TRANSITION,NaN,NaN,prepare_horizontal_surface + zipper_annulus,1,1,3.59227440947127,1.89532963082185,3.14586107797595,12,18.5083193947278,86.9999999999996,71.4916806052722,0,-43.600036681124,-6.47797610991281,-50,-42.8353308608837,-4.82638265970362,-50,-44.3651641059153,-4.99875346897875,-50,-43.5996150765731,-9.60879220105606,-50,-43.5996150765731,-9.60879220105606,-50,7,6|4,6|4,112,56,112,COUNT_TRANSITION_OR_ZIPPER,NO,NOT_YET_UNIQUE,PASS_CURRENT_WORKTREE
MESH_L3,2,bottom,WORST_ASPECT_RATIO,3,1205,BOTTOM_OUTER_TRUNCATION_TRANSITION,NaN,NaN,prepare_horizontal_surface + zipper_annulus,1,1,3.59227440947125,1.89532963082184,3.14586107797594,12,18.5083193947279,86.9999999999995,71.4916806052721,0,43.600036681124,6.4779761099128,-50,42.8353308608837,4.82638265970362,-50,44.3651641059153,4.99875346897874,-50,43.5996150765731,9.60879220105604,-50,43.5996150765731,9.60879220105604,-50,7,6|4,6|4,112,56,112,COUNT_TRANSITION_OR_ZIPPER,NO,NOT_YET_UNIQUE,PASS_CURRENT_WORKTREE
MESH_L3,2,bottom,WORST_MINIMUM_ANGLE,3,1205,BOTTOM_OUTER_TRUNCATION_TRANSITION,NaN,NaN,prepare_horizontal_surface + zipper_annulus,1,1,3.59227440947125,1.89532963082184,3.14586107797594,12,18.5083193947279,86.9999999999995,71.4916806052721,0,43.600036681124,6.4779761099128,-50,42.8353308608837,4.82638265970362,-50,44.3651641059153,4.99875346897874,-50,43.5996150765731,9.60879220105604,-50,43.5996150765731,9.60879220105604,-50,7,6|4,6|4,112,56,112,COUNT_TRANSITION_OR_ZIPPER,NO,NOT_YET_UNIQUE,PASS_CURRENT_WORKTREE
MESH_L3,2,bottom,WORST_ASPECT_RATIO,4,1233,BOTTOM_OUTER_TRUNCATION_TRANSITION,NaN,NaN,prepare_horizontal_surface + zipper_annulus,1,1,3.59227440947125,1.89532963082184,3.14586107797593,12,18.508319394728,86.9999999999993,71.491680605272,0,-6.4779761099128,43.600036681124,-50,-4.82638265970363,42.8353308608837,-50,-4.99875346897874,44.3651641059153,-50,-9.60879220105603,43.5996150765731,-50,-9.60879220105603,43.5996150765731,-50,7,6|4,6|4,112,56,112,COUNT_TRANSITION_OR_ZIPPER,NO,NOT_YET_UNIQUE,PASS_CURRENT_WORKTREE
MESH_L3,2,bottom,WORST_MINIMUM_ANGLE,4,1233,BOTTOM_OUTER_TRUNCATION_TRANSITION,NaN,NaN,prepare_horizontal_surface + zipper_annulus,1,1,3.59227440947125,1.89532963082184,3.14586107797593,12,18.508319394728,86.9999999999993,71.491680605272,0,-6.4779761099128,43.600036681124,-50,-4.82638265970363,42.8353308608837,-50,-4.99875346897874,44.3651641059153,-50,-9.60879220105603,43.5996150765731,-50,-9.60879220105603,43.5996150765731,-50,7,6|4,6|4,112,56,112,COUNT_TRANSITION_OR_ZIPPER,NO,NOT_YET_UNIQUE,PASS_CURRENT_WORKTREE
MESH_L3,2,bottom,WORST_ASPECT_RATIO,5,1232,BOTTOM_OUTER_TRUNCATION_TRANSITION,NaN,NaN,prepare_horizontal_surface + zipper_annulus,0,0,7.34965794647912,2.71102525744028,3.13994504529169,12,80.9658008925604,98.8199133931449,9.03419910743963,0,-2.5397708691303,43.7378771943373,-50,2.63950418979136e-15,43.1063746972448,-50,-0.333947347838857,44.6446391133055,-50,-4.99875346897874,44.3651641059153,-50,-4.82638265970363,42.8353308608837,-50,7,6|4,6|4,112,56,112,COUNT_TRANSITION_OR_ZIPPER,NO,NOT_YET_UNIQUE,PASS_CURRENT_WORKTREE
MESH_L3,2,bottom,WORST_MINIMUM_ANGLE,5,1178,BOTTOM_OUTER_TRUNCATION_TRANSITION,NaN,NaN,prepare_horizontal_surface + zipper_annulus,1,1,3.75738353801218,1.93839715693461,3.07674703440443,12,18.7226051097602,80.9658008523334,71.2773948902398,0,8.00908187299019,-42.8201846075053,-50,4.82638265970354,-42.8353308608837,-50,9.60879220105605,-43.5996150765731,-50,9.59207075821096,-42.025607885059,-50,9.59207075821096,-42.025607885059,-50,7,6|4,6|4,112,56,112,COUNT_TRANSITION_OR_ZIPPER,NO,NOT_YET_UNIQUE,PASS_CURRENT_WORKTREE
MESH_L3,2,farfield,WORST_ASPECT_RATIO,1,548,FARFIELD_STRUCTURED_WALL,NaN,NaN,build_frustum_wall equal-count rings,0,0,37.8891641593212,6.15541746426034,2.82980843595854,12,89.6382258443818,90.3617741556182,0.361774155618221,0,-54.7015467931866,36.5504050283249,-45,-54.6182741113233,38.7537321590901,-40,-56.7052885570091,35.6302943129084,-40,-54.7488158957494,34.4009610618174,-50,-52.7338086086646,37.4166325794836,-50,7,6|4,6|4,112,56,112,FIVE_BLOCK_CORE_MAPPING_OR_ROUNDING,NO,NOT_YET_UNIQUE,PASS_CURRENT_WORKTREE
MESH_L3,2,farfield,WORST_MINIMUM_ANGLE,1,5,FARFIELD_STRUCTURED_WALL,NaN,NaN,build_frustum_wall equal-count rings,0,0,43.210035145611,6.57343404512519,2.47589912354672,12,89.6382258443818,90.3617741556182,0.361774155618249,0,-70.094740782348,-26.7565664902012,-5,-71.9359437104197,-25.1714753790593,0,-70.4113992819715,-29.1653565282862,0,-68.2766486166397,-28.28111385042,-10,-69.7549715203611,-24.4083202030395,-10,7,6|4,6|4,112,56,112,FIVE_BLOCK_CORE_MAPPING_OR_ROUNDING,NO,NOT_YET_UNIQUE,PASS_CURRENT_WORKTREE
MESH_L3,2,farfield,WORST_ASPECT_RATIO,2,540,FARFIELD_STRUCTURED_WALL,NaN,NaN,build_frustum_wall equal-count rings,0,0,37.8891641593212,6.15541746426034,2.82980843595854,12,89.6382258443818,90.3617741556182,0.361774155618235,8.53773646251594e-07,-33.4257642868178,56.6648886978866,-45,-32.3947503789166,58.6138871859377,-40,-35.6302943129447,56.7052885569863,-40,-34.4009610618525,54.7488158957274,-50,-31.2770513935572,56.5915631528952,-50,7,6|4,6|4,112,56,112,FIVE_BLOCK_CORE_MAPPING_OR_ROUNDING,NO,NOT_YET_UNIQUE,PASS_CURRENT_WORKTREE
MESH_L3,2,farfield,WORST_MINIMUM_ANGLE,2,7,FARFIELD_STRUCTURED_WALL,NaN,NaN,build_frustum_wall equal-count rings,0,0,43.210035145611,6.57343404512519,2.47589912354672,12,89.6382258443818,90.3617741556182,0.361774155618249,0,-66.6582148153223,-34.4364477454261,-5,-68.6653145416734,-33.0674726757325,0,-66.7031833181076,-36.8655463203544,0,-64.6808592850651,-35.7478473349949,-10,-66.5835021164432,-32.0649246506227,-10,7,6|4,6|4,112,56,112,FIVE_BLOCK_CORE_MAPPING_OR_ROUNDING,NO,NOT_YET_UNIQUE,PASS_CURRENT_WORKTREE
MESH_L3,2,farfield,WORST_ASPECT_RATIO,3,521,FARFIELD_STRUCTURED_WALL,NaN,NaN,build_frustum_wall equal-count rings,0,0,37.8891641593212,6.15541746426034,2.82980843595854,12,89.6382258443818,90.3617741556182,0.361774155618193,8.53773646251594e-07,33.4257642867815,56.6648886979081,-45,35.6302943129084,56.7052885570091,-40,32.3947503788791,58.6138871859584,-40,31.277051393521,56.5915631529152,-50,34.4009610618174,54.7488158957494,-50,7,6|4,6|4,112,56,112,FIVE_BLOCK_CORE_MAPPING_OR_ROUNDING,NO,NOT_YET_UNIQUE,PASS_CURRENT_WORKTREE
MESH_L3,2,farfield,WORST_MINIMUM_ANGLE,3,25,FARFIELD_STRUCTURED_WALL,NaN,NaN,build_frustum_wall equal-count rings,0,0,43.2100351456109,6.57343404512519,2.47589912354672,12,89.6382258443818,90.3617741556182,0.361774155618249,8.53773646251594e-07,-6.30613480348873,-74.7624183633017,-5,-8.53312055832246,-75.7335396228408,0,-4.27328294370068,-76.0928526416926,0,-4.14372446737095,-73.7858502321347,-10,-8.27441124456082,-73.4374309565387,-10,7,6|4,6|4,112,56,112,FIVE_BLOCK_CORE_MAPPING_OR_ROUNDING,NO,NOT_YET_UNIQUE,PASS_CURRENT_WORKTREE
MESH_L3,2,farfield,WORST_ASPECT_RATIO,4,525,FARFIELD_STRUCTURED_WALL,NaN,NaN,build_frustum_wall equal-count rings,0,0,37.8891641593212,6.15541746426034,2.82980843595854,12,89.6382258443818,90.3617741556182,0.361774155618235,0,19.9785866336045,62.6821139195651,-45,22.1188546749397,63.2120549501995,-40,18.5397294331024,64.3528247686572,-40,17.9000629274546,62.1324931992634,-50,21.3556994989214,61.0310827601404,-50,7,6|4,6|4,112,56,112,FIVE_BLOCK_CORE_MAPPING_OR_ROUNDING,NO,NOT_YET_UNIQUE,PASS_CURRENT_WORKTREE
MESH_L3,2,farfield,WORST_MINIMUM_ANGLE,4,33,FARFIELD_STRUCTURED_WALL,NaN,NaN,build_frustum_wall equal-count rings,0,0,43.210035145611,6.57343404512519,2.47589912354673,12,89.6382258443818,90.3617741556182,0.361774155618249,0,26.7565664902012,-70.094740782348,-5,25.1714753790593,-71.9359437104197,0,29.1653565282862,-70.4113992819715,0,28.28111385042,-68.2766486166397,-10,24.4083202030395,-69.7549715203611,-10,7,6|4,6|4,112,56,112,FIVE_BLOCK_CORE_MAPPING_OR_ROUNDING,NO,NOT_YET_UNIQUE,PASS_CURRENT_WORKTREE
MESH_L3,2,farfield,WORST_ASPECT_RATIO,5,544,FARFIELD_STRUCTURED_WALL,NaN,NaN,build_frustum_wall equal-count rings,0,0,37.8891641593212,6.15541746426034,2.82980843595854,12,89.6382258443818,90.3617741556182,0.361774155618207,0,-45.1968345448133,47.8062493449397,-45,-44.6253632719934,49.935804549449,-40,-47.355082214906,47.3550822148757,-40,-45.7212147911996,45.7212147911703,-50,-43.0856779011543,48.2128958242639,-50,7,6|4,6|4,112,56,112,FIVE_BLOCK_CORE_MAPPING_OR_ROUNDING,NO,NOT_YET_UNIQUE,PASS_CURRENT_WORKTREE
MESH_L3,2,farfield,WORST_MINIMUM_ANGLE,5,45,FARFIELD_STRUCTURED_WALL,NaN,NaN,build_frustum_wall equal-count rings,0,0,43.2100351456109,6.57343404512519,2.47589912354673,12,89.6382258443818,90.3617741556182,0.361774155618249,0,64.6224820865139,-38.1198287596798,-5,64.531179202048,-40.5476273172726,0,66.7031833181312,-36.8655463203117,0,64.680859285088,-35.7478473349535,-10,62.5747065407883,-39.3182940661815,-10,7,6|4,6|4,112,56,112,FIVE_BLOCK_CORE_MAPPING_OR_ROUNDING,NO,NOT_YET_UNIQUE,PASS_CURRENT_WORKTREE
